item,price_sgd
Aerocool Shark 14 Cm LED,15
Windows 11 Home 64 bit,172
TP Link TAPO TC60,26
Windows 11 Pro 64 bit,218
TP Link TAPO C111,30
Artic P8 8 cm PWM PST Fan,10
Ms Office Home & Business 2024,335
TP Link TAPO C206,38
Artic P9 Max 9cm Fan,13
TP Link TAPO TC 71,29
Artic P12 PRO PWM PST 4 Pin Fan,13
TP Link TAPO TC 72,42
Reverse,15
TP Link TAPO TC 74,48
Artic P12 SLIM PWM PST 4 Pin,15
TP Link TAPO TC 80 Wired Free,66
Artic P12 Max PWM 4 Pin Fan,15
AOC AM420,109
TP Link TAPO TC 82 Kit WithSolar Power,117
Artic P14 PRO 4 Pin Fan,17
HP Presenter,20
TP Link TAPO TC 85,95
TP Link TAPO C520WS,66
Artic P14 PWM 4 Pin Fan pst,15
TP Link Tapo C501GW,118
Artic P14 Slim PWM 4 Pin Pst,16
TP Link TAPO C245D,58
A4Tech FBK25 Wireless & Bluetooth,29
TP Link TAPO C246D,65
ASUS ROG STRIX XF 120 120MM FAN,32
A4TECH FG1112 Wireless KB+MSE,28
TP Link TAPO C250 4k,62
A4 Tech FK 11,16
TP Link TAPO C610 KIT w/ Solar,130
BENQ MA270U,695
TP Link TAPO C610 KIT w/ Solar,129
CM SickleFlow 12 cm ARGB Fan,15
BENQ MA270UP Glossy,799
CORSAIR K65 RGB MINI,159
TP-Link Tapo C615G Kit Solar 4G,125
TP-Link Tapo C665G Kit Solar,255
SP120 RGB Elite C0O-9050137-W,70
929 Tecware Phantom L-Outemu Blue LP Switch,30
TP Link Tapo TD21 Video Door Bell,66
BENQ RD280U,829
TP Link Tapo D235 Video Door Bell,107
1019 Tecware Phantom+ RGB 104 Keys Linear,45
TP Link VIGI C230i-Mini (2.8mm),95
LL120rgb CO-9050072-WW,129
TP Link VIGI C240 (2.8mm),75
Tecware PBT PUDDING KEYCAP SET Black,12
TP-Link VIGI C430(2.8mm),58
NZXT F120RGB 3 pack W/RGB Controller,65
TP Link VIGI C440-W,68
1459 Keychron Q1 75% Mechanical Keyboard,118
TP Link VIGI C540 4G Outdoor WiFi Cam,115
Benq Screen Bar PRO,195
TP-Link VIGI Solar Panel 60W Indutrial,130
Benq Screen Bar Halo 2,230
TP-Link Controller for Solar panel,429
Benq WIT Desk Lamp,270
Thermaltake TT Ring Quad RGB,49
Mercusys MC210 Pan tilt Cam 2K,29
Thermalright C12C ARGB 3 Fan Pack,25
Dlink DCS6501LH Type C 3MP 2K,29.9
Dlink DCS F4704 4MP Bullet IP cam,139
Arctic Cooling MX 4 (4G),8
Cherry DW2300 Keyboard+Mouse,25
Dlink DCS F4334 4MP Mini Dome,195
Arctic Cooling MX 4 (8G),12
Logitech MK120 Wired ComBo USB,21
Samsung EVO Plus Micro SD 32gb,26
Arctic Cooling MX 6 thermal 2g,7
Samsung EVO Plus Micro SD 16GB,16
Arctic Cooling MX 6 thermal 4g,9
Sandisk Ultra MicroSD 100 Mb/s 64 GB,32
Arctic Cooling MX 6 thermal 8G,13
Sandisk Ultra MicroSD 100MB/s 128GB,42
Grizly Kryonaut Extreme,25
Polar Term X8 2G,6
HP KM100 Keyboard and Mouse wired,15
Arctic TP4 100x100mm 1.5mm pad,15
HP CS500 Combo wireless,25
A4Tech FB12 Wireless & Bluetooth Mouse,18
ASUS TUF GAMING M3 GEN II,19
Samsung Micro SD 16GB,13
Samsung Micro SD 32GB,20
APC BVX 700LUI-MS 700VA,90
APC BVX900Li-MS,145
H.265 8 Channel,109
APC BK650AS BACK UPS CS650VA,215
CORSAIR HARPOON RGB PRO,26
APC BV1000i,130
EVGA X12 GAMING MOUSE White,19
VIGI NVR1004H-4P,99
APC BVG1200i,190
Dell Wireless Mouse WM126,12
APC BVG1600i,239
(demo),50
LENOVO Essential Wireless Compact Mouse,16
VIGI NVR1008H-8MP,175
APC BVG2200I-MSX,319
Logitech USB Wired Mouse,10
APC BX625Ci- 625VA,118
"Prolink GM1001 3 Button USB A 1200Dpi, 1.5",8.9
VIGI NVR1108H-W,165
215 Lenovo Wireless VoiP Speakerphone,219
"Prolink GM1007 3 Button USB A 1200Dpi, 1.5",8.9
APC BX 1200 MI-MS,319
APC BX 1600 MI-LS,375
APC SMC1500IC,945
APC SRV1KI Easy UPS SRV 1000VA,479
Logitech C922 PRO Webcam,139
APC SRV2KI Easy UPS SRV 2000VA,899
Logitech C925e webcam,132
USB/BT,339
Logitech C930E Webcam,143
USB/BT 7700-309,429
APC BATTERY RBC17,59
Logitech Brio 105 Webcam,45
Kensington Orbit Trackball,53
Logitech Brio 500 Webcam,157
Logitech Brio 505 USB C Webcam,155
700VA/360W,129
Logitech Brio 4K Webcam,259
EATON 5E900UI,175
EATON 5E1600UI,339
Jabra Evlv 20 Stereo UC Hd Audio,55
EATON 5E1600UI,339
Jabra Evolve 20 SE Stereo,55
EATON 5E2200UI,388
Jabra Evolve 30 II UC Stereo 5399829,85
Orico 2.5” 2139C3 type C USB 10Gbp2.5”,23
Jabra Evolve 30 II MS Stereo 5399823,85
Edifier R19BT USB Powered Speakers,39
Orico USB C Sata hdd/ssd adapter UTS-3C,17
129 Jabra Evolve2 75 Wireless Headset,289
Edifier BOOKSHELF R1700 BT,149
HP External USB DVD Reader / Writer,18
Orico 6518 2.5”&3.5” Single Docking,29.9
Orico 6228US3-C 2Bay Dock,39
Orico 6648US3C 1 to 3 HD Clone Dock,129
HP mouse pad 700x350x3 mm,12
Lenovo USB-A Wired Stereo Headset,27
Lexar E300 M.2 Nvme 2280,17
Unitek U-Drive M2 Nvme 2280/60/42/30,28
UG CM489 USB Video Capure Card,29
Elgato XL Green Screen Key Pad,19
Logitech H570E,60
Logitech H150,19
Sennheiser Adapt 165II,45
ORICO USB Sound Card,15
Tecware Q1 Wireless Gaming Headset,36
RT-AX3000 v2 Gb WF6 Dband Router,108
2 Bay,285
5 port GB Switch (Metal),22
RT-AX57 AX3000 WF6 Dband Rtr,148
2 Bay,429
8 port GB Switch (Metal),32
BE22000 WF7 TRI BD,572
4 Bay,555
5 Port 4 x POE 60w (Metal),60
BE1400 WF7 TRI BD,799
4 Bay,668
8 Port 4 x POE 68w (Metal),60
BE1400 WF7 TRI BD,539
DGS- 1008MP 8 Port POE+125w (Metal),135
BE1400 WF7 TRI BD,288
16-Port GB Switch,90
RT- BE50 BE3600 2.5G WF7 DB GAMG RT,112
Deco BE65 PRO (3Pack) BE11000 WF7,745
24-Port GB Switch,158
RT- BE58 GO BE3600 2.5G WF7 DB GMG,135
Deco BE65 PRO (2Pack) BE11000 WF7,493
Synology DS225+,489
RT- BE58U BE3600 2.5G WF7 GMG RTR,169
Deco BE65 PRO (1Pack) BE11000 WF7,249
Synology DS425+,789
5 port 2.5GB with 1 x SFP,83
BE3600 WF7,139
Synology DS725+,919
8 port 2.5Gb with 1x SFP,139
RT -BE86U WF7 10G DUALBAND RTR,429
BE3600 WF7,268
8-port 10Gb Smart Switch,339
"RT-BE92U BE9600 WF7 1x10G,4X2.5G GMG",319
BE3600 WF7,379
"RT BE88U BE7200 WF7 1X10G,4x2.5,SFP",488
D4ES02-4g,179
"TUF BE 6500 BE6500 WF7 4x2.5G,1xUSB3",259
Deco XE75 PRO (2Pack),329
"TUF BE 9400 BE9400 4x2.5G, 1x USB3.2",299
Deco XE75 PRO (3Pack),459
D4NESO1-4G,198
Deco X50-4G LTE (1-pack) AX3000,149
UGREEN DH2300 2 Bay 4G,359
BD4 (2-PK) BE3600 WF7 2.5G GMG RTR,265
DECO X50-5G LTE 5G AX3000,259
UGREEN DXP 2800 2 Bay 8G,549
BD4 (3-PK) BE3600 WF7 2.5G GMG RTR,365
AX1500 WF6,155
UGREEN DH4300Plus 4 Bay 8G,499
AX3000 WiFi 6 Mesh Router,59
BQ16 (W-1-PK) ZEN WIFI BE25000,680
AX1500 WF6,103
UGREEN DXP 4800 PLUS 4 Bay 8G,929
BQ16 (W-2-PK) ZEN WIFI BE25000,1279
AX1500 WF6,59
UGREEN DXP 6800Pro 6 Bay 8G,1450
Wi-Fi 7 BE7200G Dual Band,245
AX1500 WF6,109
"BT10(W-1-PK) ZEN WF BE1800 10G,1usb",515
"BT10(W-2-PK) ZEN WF BE1800 10G,1usb",959
Terra-Master F5-221 5 Bay,459
4G USB A Mobile Router,48
4G LTE Router,48
QG U1080 8P 2.5Gb NETWORK SWITCH,155
10G BE22000 TriBand WF 7,759
4G LTE Router,59
10G BE15000 Tri-Band WF7,365
4G Cat4 WF6 Mobile Travel,79
10G Be1100 WF7 AP,359
5G TypeC Travelg rtr,189
"ROG USB-BE92 BE6500 WF7 TRI-BD,MLO",89
Archer AX12 AX1500 WF6 DB,65
2.5G BE5000 WF7 AP,205
5 G Mobile HotSpot Wifi 6,199
10Gb PCI-E NETWRK CD,99
Archer BE450 10G BE7200 WF7,219
2.5G BE11000 TriBand WF7,239
DWR-U2100 ESIM,219
PCIe BE92BT-WiFi 7 CARD,101
Archer BE230 BE3600 WF7,139
AX5400 WiFi 6 AP,155
PCE-AX3000 PCIE WiFi 6 with Bluetoot,45
Archer GE230 BE3600 WF7,175
AX3000 WiFi 6 AP,129
BE15000 Tri-Band WF7,549
IN WALL AX3000 WiFi 6 AP,112
5G NR Wi-Fi 6 AX1800,219
Outdoor HD Access point,199
5G NR Wi-Fi 6 AX3000,258
BE9300 WF7 TRI-BD,289
AX1800 WiFi 6 AP,205
DWR-BE7200G 5G NR Wi-Fi 7 BE7200,339
Intel MT7921 WiFi 6 + M.2 KIT,27
AX1800 WiFi 6 AP,109
4G LTE N300 Sim Card Route,49
ASUS PCE-AX3000 Pcie with Bluetooth,39
Outdoor Access point,175
4G LTE N300 En303 645 Security,59
AX1500 WF6 SIM Router,125
AX1800 WiFi 6,105
BE5000 WF7 Wall Plat,259
DCS-6501 LH 3 MP PTZ 2 K Camera,32
5 Port Gigabit Switch,22
5P 2.5 Multi-Gb Switch,79
AC600 & BT 4.2 USB,15
8P 2.5 Multi-Gb Switch,130
11 in 1 USB C Hub,45
Archer TX35U Plus,35
"5P, up to 3 WAN, 1USB,SDN",89
Archer TXE70UH,39
Gigabit Multi-Wan VPN Router,208
16P POE+ 1 Combo SFP,185
VPN Router with PoE+ Ports,375
Archer T4U Plus,32
Gigabit Multi-Wan VPN Router,245
"AX3000 1Nano Sim slot,desk/wall",310
5 Port Gb Switch,27
Gigabit Multi-Wan VPN Router,245
Archer TBE400UH,85
8G Mngd Gb Switch,32
Router,329
Archer TBE400E BE6500 WiFi 7 PCIe,70
16P Mngd Gb Switch,82
Archer TBE550E BE9300 WiFi 7 PCIe,90
10G VPN Router,459
Omada cloud Controller,145
10 Gigabit PCIe Network Card,75
6P Mngd Gb 4xPOE+,70
PCI-E 2.5G Network card,43
5P 2.5Gb SFP+slot 1x10g,89
PCIe Gigabit network card,18
8P 2.5 Multi-Gb Switch,149
PR317UKA,38
AX1500 WiFi Range Extender,60
Tapo P110,15
8P Mngd Gb 4xPOE+,80
AX1800 WiFi Range Extender,85
Tapo P110(2-pack),29
10P Gb Mngd 8 x POE+,119
5 port gigabit switch,29
Tapo P110(4-pack),53
10P Gb Mngd 8 x POE+,143
8 port gigabit,36
Tapo P100,11
20P Gb 2SFP 16 x POE+,209
"8 port gigabit, 4 POE 55w",139
Tapo P100(2-pack),22
20P Gb Mngd 16 x POE+,279
Tapo P100(4-pack),42
28P Gb 24 x POE+,370
24P 24 POE+ 2 Combo Sfp,229
MR101 4G router,59
Tapo H100,26
4G router 300mbps 2 lan port,53
3 Pack AX3000 WiFi Mesh,119
24P Mngd Switch 4SFP,268
MR402 AC1200 4G Router Dual Band,89
2 Pack AX3000 WiFi Mesh,79
Tapo H200,45
SG3218XP-M2,778
MR505 LTE 4G CAT 6 Router,109
SG2210XMP-M2,415
DECO X10-4G LTE 4G ((1 PC PACK),109
SG3210X-M2,380
DECO X20-4G LTE 4G ((1 PC PACK),139
SX3832MPP,2629
DECO X50-4G LTE 4G AX3000,149
DECO X50-5G LTE 5G AX3000,275
TAPO D235 Video Doorbell Cam Chime in,119
SX3206HPP,785
DECO X80-5G LTE 5G AX6000,689
TAPO TD21 Video Doorbell Cam Chime inc,80
TAPO D205 Video Doorbell Mini,60
MC220L,73
Archer NX505 AX3000 5G Router,279
AX 3000 WiFi 6 Gigabit Route,49
MC210CS,75
AC 1900 Dual Band Wifi Route,38
MCM200CM,75
Range Extender AX1500 WiFi,37
MC112CS,42
Range Extender AC1200,25
MC111CS,42
Av 1000 PowerLine,75
TL FC311B-20,58
Av2000 GB Passth,103
N300 Mini WF USB Adapter,12.9
Bluetooth Adapter,12
Av600 WiFi Power Line,68
Type C to HDMI Adapter,19
Injector 48V.......POE,22
Av 1000 Gb AC Wifi,85
8 Port Gb Desktop Switch,20
Type C USB 3.0 to Lan,15
POE+ Injector,33
Av1300 GB Passthr WiFi,128
5 Port GB Desktop Switch,17
USB C + Gigabit lan,19
POE+ Injector,35
Mobile Wifi Router,36
"Type C to HDMI,RJ45,usbA e",42
POE+ Injector,145
4G Router,39
Type C to 7 port HUB,35
Type C to 6 port HUB,30
