sha256,vendor,month,page_number,item,category,brand,product,variant,bundle_cpu,warranty,price_sgd,method,provider,model
6436a8afd050b2ea905605d3b14d462b31405a00bd67c7d18602477c85771378,laser,2025-11,2,Aerocool Shark 14 Cm LED,,,Aerocool Shark 14 Cm LED,,,,15,text_layer,,
6436a8afd050b2ea905605d3b14d462b31405a00bd67c7d18602477c85771378,laser,2025-11,2,ASUS MB166C Type-C Portble mon 15.6”,ARTIC,,ASUS MB166C Type-C Portble mon 15.6”,,,,189,text_layer,,
6436a8afd050b2ea905605d3b14d462b31405a00bd67c7d18602477c85771378,laser,2025-11,2,Windows 11 Home 64 bit,Windows Operating System /Office Productivity,,Windows 11 Home 64 bit,,,,172,text_layer,,
6436a8afd050b2ea905605d3b14d462b31405a00bd67c7d18602477c85771378,laser,2025-11,2,TP Link TAPO C100,Windows Operating System /Office Productivity,,TP Link TAPO C100,,,,20,text_layer,,
6436a8afd050b2ea905605d3b14d462b31405a00bd67c7d18602477c85771378,laser,2025-11,2,Artic F8 8 cm PWM PST Fan,,,Artic F8 8 cm PWM PST Fan,,,,9,text_layer,,
6436a8afd050b2ea905605d3b14d462b31405a00bd67c7d18602477c85771378,laser,2025-11,2,ASUS XG27UCG-W,ARTIC,,ASUS XG27UCG-W,,,,629,text_layer,,
6436a8afd050b2ea905605d3b14d462b31405a00bd67c7d18602477c85771378,laser,2025-11,2,Windows 11 Pro 64 bit,Windows Operating System /Office Productivity,,Windows 11 Pro 64 bit,,,,218,text_layer,,
6436a8afd050b2ea905605d3b14d462b31405a00bd67c7d18602477c85771378,laser,2025-11,2,TP Link TAPO C110,Windows Operating System /Office Productivity,,TP Link TAPO C110,,,,29,text_layer,,
6436a8afd050b2ea905605d3b14d462b31405a00bd67c7d18602477c85771378,laser,2025-11,2,Artic P8 8 cm PWM PST Fan,,,Artic P8 8 cm PWM PST Fan,,,,10,text_layer,,
6436a8afd050b2ea905605d3b14d462b31405a00bd67c7d18602477c85771378,laser,2025-11,2,AOC E1659FWU,ARTIC,,AOC E1659FWU,,,,145,text_layer,,
6436a8afd050b2ea905605d3b14d462b31405a00bd67c7d18602477c85771378,laser,2025-11,2,Ms Office Home & Business 2024,Windows Operating System /Office Productivity,,Ms Office Home & Business 2024,,,,335,text_layer,,
6436a8afd050b2ea905605d3b14d462b31405a00bd67c7d18602477c85771378,laser,2025-11,2,TP Link TAPO TC70,Windows Operating System /Office Productivity,,TP Link TAPO TC70,,,,25,text_layer,,
6436a8afd050b2ea905605d3b14d462b31405a00bd67c7d18602477c85771378,laser,2025-11,2,Artic F9 9cm Fan,,,Artic F9 9cm Fan,,,,10,text_layer,,
6436a8afd050b2ea905605d3b14d462b31405a00bd67c7d18602477c85771378,laser,2025-11,2,TP Link TAPO TC 71,IP CAMERA,,TP Link TAPO TC 71,,,,28,text_layer,,
6436a8afd050b2ea905605d3b14d462b31405a00bd67c7d18602477c85771378,laser,2025-11,2,Arctic F12 PWM 4 Pin Fan,,,Arctic F12 PWM 4 Pin Fan,,,,12,text_layer,,
6436a8afd050b2ea905605d3b14d462b31405a00bd67c7d18602477c85771378,laser,2025-11,2,TP Link TAPO TC 72,IP CAMERA,,TP Link TAPO TC 72,,,,36,text_layer,,
6436a8afd050b2ea905605d3b14d462b31405a00bd67c7d18602477c85771378,laser,2025-11,2,Arctic F14 PWM 4 Pin acfan00078a,,,Arctic F14 PWM 4 Pin acfan00078a,,,,16,text_layer,,
6436a8afd050b2ea905605d3b14d462b31405a00bd67c7d18602477c85771378,laser,2025-11,2,TP Link TAPO TC 74,Windows Operating System /Office Productivity,,TP Link TAPO TC 74,,,,44.9,text_layer,,
6436a8afd050b2ea905605d3b14d462b31405a00bd67c7d18602477c85771378,laser,2025-11,2,Artic P12 PWM PST 4 Pin Fan,,,Artic P12 PWM PST 4 Pin Fan,,,,13,text_layer,,
6436a8afd050b2ea905605d3b14d462b31405a00bd67c7d18602477c85771378,laser,2025-11,2,TP Link TAPO TC 82 Wired Free,ASK,,TP Link TAPO TC 82 Wired Free,,,,72,text_layer,,
6436a8afd050b2ea905605d3b14d462b31405a00bd67c7d18602477c85771378,laser,2025-11,2,Artic P12 SLIM PWM PST 4 Pin,,,Artic P12 SLIM PWM PST 4 Pin,,,,15,text_layer,,
6436a8afd050b2ea905605d3b14d462b31405a00bd67c7d18602477c85771378,laser,2025-11,2,TP Link TAPO TC 82 Kit WithSolar Power,ASK,,TP Link TAPO TC 82 Kit WithSolar Power,,,,117,text_layer,,
6436a8afd050b2ea905605d3b14d462b31405a00bd67c7d18602477c85771378,laser,2025-11,2,Artic P12 Max PWM 4 Pin Fan,,,Artic P12 Max PWM 4 Pin Fan,,,,15,text_layer,,
6436a8afd050b2ea905605d3b14d462b31405a00bd67c7d18602477c85771378,laser,2025-11,2,HP Presenter,PRESENTATION REMOTE CONTROL,,HP Presenter,,,,20,text_layer,,
6436a8afd050b2ea905605d3b14d462b31405a00bd67c7d18602477c85771378,laser,2025-11,2,TP Link TAPO TC 85,ASK,,TP Link TAPO TC 85,,,,95,text_layer,,
6436a8afd050b2ea905605d3b14d462b31405a00bd67c7d18602477c85771378,laser,2025-11,2,Artic P14 Max 4 Pin Fan,,,Artic P14 Max 4 Pin Fan,,,,18,text_layer,,
6436a8afd050b2ea905605d3b14d462b31405a00bd67c7d18602477c85771378,laser,2025-11,2,TP Link TAPO C200C,ASK,,TP Link TAPO C200C,,,,25,text_layer,,
6436a8afd050b2ea905605d3b14d462b31405a00bd67c7d18602477c85771378,laser,2025-11,2,Artic P14 PWM 4 Pin Fan pst,,,Artic P14 PWM 4 Pin Fan pst,,,,15,text_layer,,
6436a8afd050b2ea905605d3b14d462b31405a00bd67c7d18602477c85771378,laser,2025-11,2,TP Link TAPO C210 /C211,ASK,,TP Link TAPO C210 /C211,,,,33,text_layer,,
6436a8afd050b2ea905605d3b14d462b31405a00bd67c7d18602477c85771378,laser,2025-11,2,Artic P14 Slim PWM 4 Pin Pst,,,Artic P14 Slim PWM 4 Pin Pst,,,,16,text_layer,,
6436a8afd050b2ea905605d3b14d462b31405a00bd67c7d18602477c85771378,laser,2025-11,2,AOC AM400W,ARTIC,,AOC AM400W,,,,58,text_layer,,
6436a8afd050b2ea905605d3b14d462b31405a00bd67c7d18602477c85771378,laser,2025-11,2,TP Link TAPO C220,ASK,,TP Link TAPO C220,,,,42,text_layer,,
6436a8afd050b2ea905605d3b14d462b31405a00bd67c7d18602477c85771378,laser,2025-11,2,ASUS ROG STRIX XF 120 120MM FAN,,,ASUS ROG STRIX XF 120 120MM FAN,,,,32,text_layer,,
6436a8afd050b2ea905605d3b14d462b31405a00bd67c7d18602477c85771378,laser,2025-11,2,TP Link TAPO C225,ASK,,TP Link TAPO C225,,,,49,text_layer,,
6436a8afd050b2ea905605d3b14d462b31405a00bd67c7d18602477c85771378,laser,2025-11,2,TP Link TAPO C246D,ASK,,TP Link TAPO C246D,,,,58,text_layer,,
6436a8afd050b2ea905605d3b14d462b31405a00bd67c7d18602477c85771378,laser,2025-11,2,A4Tech FBK25 Wireless & Bluetooth,PRESENTATION REMOTE CONTROL,,A4Tech FBK25 Wireless & Bluetooth,,,,29,text_layer,,
6436a8afd050b2ea905605d3b14d462b31405a00bd67c7d18602477c85771378,laser,2025-11,2,TP Link TAPO C660 KIT,ASK,,TP Link TAPO C660 KIT,,,,175,text_layer,,
6436a8afd050b2ea905605d3b14d462b31405a00bd67c7d18602477c85771378,laser,2025-11,2,CM 80MM Fan (80*80*15),MagLev Bearing,,CM 80MM Fan (80*80*15),,,,7,text_layer,,
6436a8afd050b2ea905605d3b14d462b31405a00bd67c7d18602477c85771378,laser,2025-11,2,A4TECH FG1112 Wireless KB+MSE,PRESENTATION REMOTE CONTROL,,A4TECH FG1112 Wireless KB+MSE,,,,28,text_layer,,
6436a8afd050b2ea905605d3b14d462b31405a00bd67c7d18602477c85771378,laser,2025-11,2,TP Link TAPO C520WS,ASK,,TP Link TAPO C520WS,,,,70,text_layer,,
6436a8afd050b2ea905605d3b14d462b31405a00bd67c7d18602477c85771378,laser,2025-11,2,CM SickleFlow 80mm PWM,MagLev Bearing,,CM SickleFlow 80mm PWM,,,,10,text_layer,,
6436a8afd050b2ea905605d3b14d462b31405a00bd67c7d18602477c85771378,laser,2025-11,2,BENQ MA270U,EYE CARE Solution,,BENQ MA270U,,,,719,text_layer,,
6436a8afd050b2ea905605d3b14d462b31405a00bd67c7d18602477c85771378,laser,2025-11,2,Cooler Master CK570 SF6 Chun-Li Gaming,PRESENTATION REMOTE CONTROL,,Cooler Master CK570 SF6 Chun-Li Gaming,,,,70,text_layer,,
6436a8afd050b2ea905605d3b14d462b31405a00bd67c7d18602477c85771378,laser,2025-11,2,TP Link Tapo TD21 Video Door Bell,IP CAMERA,,TP Link Tapo TD21 Video Door Bell,,,,66,text_layer,,
6436a8afd050b2ea905605d3b14d462b31405a00bd67c7d18602477c85771378,laser,2025-11,2,CM SickleFlow 92mm PWM,MagLev Bearing,,CM SickleFlow 92mm PWM,,,,11,text_layer,,
6436a8afd050b2ea905605d3b14d462b31405a00bd67c7d18602477c85771378,laser,2025-11,2,BENQ MA320U,EYE CARE Solution,,BENQ MA320U,,,,899,text_layer,,
6436a8afd050b2ea905605d3b14d462b31405a00bd67c7d18602477c85771378,laser,2025-11,2,TP Link Tapo D235 Video Door Bell,ASK,,TP Link Tapo D235 Video Door Bell,,,,107,text_layer,,
6436a8afd050b2ea905605d3b14d462b31405a00bd67c7d18602477c85771378,laser,2025-11,2,CM SickleFlow 120mm PWM black,MagLev Bearing,,CM SickleFlow 120mm PWM black,,,,12,text_layer,,
6436a8afd050b2ea905605d3b14d462b31405a00bd67c7d18602477c85771378,laser,2025-11,2,TP Link VIGI C230i-Mini (2.8mm),ASK,,TP Link VIGI C230i-Mini (2.8mm),,,,95,text_layer,,
6436a8afd050b2ea905605d3b14d462b31405a00bd67c7d18602477c85771378,laser,2025-11,2,CM SickleFlow 12 cm ARGB Fan,MagLev Bearing,,CM SickleFlow 12 cm ARGB Fan,,,,15,text_layer,,
6436a8afd050b2ea905605d3b14d462b31405a00bd67c7d18602477c85771378,laser,2025-11,2,Screen Bar PRO,BENQ RD280U,,Screen Bar PRO,,,,199,text_layer,,
6436a8afd050b2ea905605d3b14d462b31405a00bd67c7d18602477c85771378,laser,2025-11,2,TP Link VIGI C240 (2.8mm),ASK,,TP Link VIGI C240 (2.8mm),,,,75,text_layer,,
6436a8afd050b2ea905605d3b14d462b31405a00bd67c7d18602477c85771378,laser,2025-11,2,CM SickleFlow 14 cm ARGB Fan,MagLev Bearing,,CM SickleFlow 14 cm ARGB Fan,,,,19,text_layer,,
6436a8afd050b2ea905605d3b14d462b31405a00bd67c7d18602477c85771378,laser,2025-11,2,TP-Link VIGI C430(2.8mm),ASK,,TP-Link VIGI C430(2.8mm),,,,58,text_layer,,
6436a8afd050b2ea905605d3b14d462b31405a00bd67c7d18602477c85771378,laser,2025-11,2,CM SickleFlow 120 PWM RGB Fan,MagLev Bearing,,CM SickleFlow 120 PWM RGB Fan,,,,17,text_layer,,
6436a8afd050b2ea905605d3b14d462b31405a00bd67c7d18602477c85771378,laser,2025-11,2,TP Link VIGI C440-W,ASK,,TP Link VIGI C440-W,,,,68,text_layer,,
6436a8afd050b2ea905605d3b14d462b31405a00bd67c7d18602477c85771378,laser,2025-11,2,Thermaltake TT Ring Quad RGB,MagLev Bearing,,Thermaltake TT Ring Quad RGB,,,,68,text_layer,,
6436a8afd050b2ea905605d3b14d462b31405a00bd67c7d18602477c85771378,laser,2025-11,2,TP Link VIGI C540 4G Outdoor WiFi Cam,ASK,,TP Link VIGI C540 4G Outdoor WiFi Cam,,,,115,text_layer,,
6436a8afd050b2ea905605d3b14d462b31405a00bd67c7d18602477c85771378,laser,2025-11,2,Thermalright C12C ARGB 3 Fan Pack,with Controller and 3 RGB FAN,,Thermalright C12C ARGB 3 Fan Pack,,,,25,text_layer,,
6436a8afd050b2ea905605d3b14d462b31405a00bd67c7d18602477c85771378,laser,2025-11,2,TP-Link VIGI SP6020 Solar Panel,ASK,,TP-Link VIGI SP6020 Solar Panel,,,,499,text_layer,,
6436a8afd050b2ea905605d3b14d462b31405a00bd67c7d18602477c85771378,laser,2025-11,2,10 Port Fan Hub with Sata power,with Controller and 3 RGB FAN,,10 Port Fan Hub with Sata power,,,,18,text_layer,,
6436a8afd050b2ea905605d3b14d462b31405a00bd67c7d18602477c85771378,laser,2025-11,2,ARGB SPLITTER 5 in 1 Cooler Master,with Controller and 3 RGB FAN,,ARGB SPLITTER 5 in 1 Cooler Master,,,,9,text_layer,,
6436a8afd050b2ea905605d3b14d462b31405a00bd67c7d18602477c85771378,laser,2025-11,2,TARGUS Bluetooth Kybd 3in1 AKB862,Logitech MX Keys Mini,,TARGUS Bluetooth Kybd 3in1 AKB862,,,,35,text_layer,,
6436a8afd050b2ea905605d3b14d462b31405a00bd67c7d18602477c85771378,laser,2025-11,2,Dlink DCS F4704 4MP Bullet IP cam,ASK,,Dlink DCS F4704 4MP Bullet IP cam,,,,139,text_layer,,
6436a8afd050b2ea905605d3b14d462b31405a00bd67c7d18602477c85771378,laser,2025-11,2,LG 24GN65R ULTRA GEAR,BENQ RD280U,,LG 24GN65R ULTRA GEAR,,,,178,text_layer,,
6436a8afd050b2ea905605d3b14d462b31405a00bd67c7d18602477c85771378,laser,2025-11,2,MEETION BKT001 Bluetooth kdyboard,Logitech MX Keys Mini,,MEETION BKT001 Bluetooth kdyboard,,,,23,text_layer,,
6436a8afd050b2ea905605d3b14d462b31405a00bd67c7d18602477c85771378,laser,2025-11,2,Dlink DCS F4334 4MP Mini Dome,ASK,,Dlink DCS F4334 4MP Mini Dome,,,,195,text_layer,,
6436a8afd050b2ea905605d3b14d462b31405a00bd67c7d18602477c85771378,laser,2025-11,2,Arctic Cooling MX 4 (4G),Thermal Grease / Heat Paste,,Arctic Cooling MX 4 (4G),,,,8,text_layer,,
6436a8afd050b2ea905605d3b14d462b31405a00bd67c7d18602477c85771378,laser,2025-11,2,TARGUS Foldable Bluetooth AKF0003,Logitech MX Keys Mini,,TARGUS Foldable Bluetooth AKF0003,,,,55,text_layer,,
6436a8afd050b2ea905605d3b14d462b31405a00bd67c7d18602477c85771378,laser,2025-11,2,Arctic Cooling MX 4 (8G),Thermal Grease / Heat Paste,,Arctic Cooling MX 4 (8G),,,,12,text_layer,,
6436a8afd050b2ea905605d3b14d462b31405a00bd67c7d18602477c85771378,laser,2025-11,2,Tecware B68+ Wireless Mechanical,Logitech MX Keys Mini,,Tecware B68+ Wireless Mechanical,,,,39,text_layer,,
6436a8afd050b2ea905605d3b14d462b31405a00bd67c7d18602477c85771378,laser,2025-11,2,Arctic Cooling MX 6 thermal 2g,Thermal Grease / Heat Paste,,Arctic Cooling MX 6 thermal 2g,,,,7,text_layer,,
6436a8afd050b2ea905605d3b14d462b31405a00bd67c7d18602477c85771378,laser,2025-11,2,Keychron Q1 C2,Logitech MX Keys Mini,,Keychron Q1 C2,,,,119,text_layer,,
6436a8afd050b2ea905605d3b14d462b31405a00bd67c7d18602477c85771378,laser,2025-11,2,Sandisk Ultra MicroSD 140Mb/s 64 GB,Samsung EVO Plus Micro SD 256GB,,Sandisk Ultra MicroSD 140Mb/s 64 GB,,,,15,text_layer,,
6436a8afd050b2ea905605d3b14d462b31405a00bd67c7d18602477c85771378,laser,2025-11,2,Arctic Cooling MX 6 thermal 4g,Thermal Grease / Heat Paste,,Arctic Cooling MX 6 thermal 4g,,,,9,text_layer,,
6436a8afd050b2ea905605d3b14d462b31405a00bd67c7d18602477c85771378,laser,2025-11,2,Sandisk Ultra MicroSD 140MB/s 128GB,Samsung EVO Plus Micro SD 256GB,,Sandisk Ultra MicroSD 140MB/s 128GB,,,,25,text_layer,,
6436a8afd050b2ea905605d3b14d462b31405a00bd67c7d18602477c85771378,laser,2025-11,2,Arctic Cooling MX 6 thermal 8G,Thermal Grease / Heat Paste,,Arctic Cooling MX 6 thermal 8G,,,,13,text_layer,,
6436a8afd050b2ea905605d3b14d462b31405a00bd67c7d18602477c85771378,laser,2025-11,2,Sandisk Ultra MicroSD 100GB/s 256GB,Samsung EVO Plus Micro SD 256GB,,Sandisk Ultra MicroSD 100GB/s 256GB,,,,32,text_layer,,
6436a8afd050b2ea905605d3b14d462b31405a00bd67c7d18602477c85771378,laser,2025-11,2,Grizly Kryonaut Extreme,Thermal Grease / Heat Paste,,Grizly Kryonaut Extreme,,,,25,text_layer,,
6436a8afd050b2ea905605d3b14d462b31405a00bd67c7d18602477c85771378,laser,2025-11,2,Sandisk Ultra MicroSD 140MB/s 256GB,Samsung EVO Plus Micro SD 256GB,,Sandisk Ultra MicroSD 140MB/s 256GB,,,,35,text_layer,,
6436a8afd050b2ea905605d3b14d462b31405a00bd67c7d18602477c85771378,laser,2025-11,2,Articlean x 2 30ml compound cleaner,Thermal Grease / Heat Paste,,Articlean x 2 30ml compound cleaner,,,,16,text_layer,,
6436a8afd050b2ea905605d3b14d462b31405a00bd67c7d18602477c85771378,laser,2025-11,2,Sandisk Ultra MicroSD 150MB/s 512GB,Samsung EVO Plus Micro SD 256GB,,Sandisk Ultra MicroSD 150MB/s 512GB,,,,65,text_layer,,
6436a8afd050b2ea905605d3b14d462b31405a00bd67c7d18602477c85771378,laser,2025-11,2,Polar Term X8 2G,Thermal Grease / Heat Paste,,Polar Term X8 2G,,,,6,text_layer,,
6436a8afd050b2ea905605d3b14d462b31405a00bd67c7d18602477c85771378,laser,2025-11,2,"Kioxia Exceria Plus 128GB C10,U3,V30",Sandisk Ultra MicroSD 150MB/s 1TB,,"Kioxia Exceria Plus 128GB C10,U3,V30",,,,25,text_layer,,
6436a8afd050b2ea905605d3b14d462b31405a00bd67c7d18602477c85771378,laser,2025-11,2,Cherry DW2300 Keyboard+Mouse,KEYBOARD + MOUSE ( Combo ),,Cherry DW2300 Keyboard+Mouse,,,,28,text_layer,,
6436a8afd050b2ea905605d3b14d462b31405a00bd67c7d18602477c85771378,laser,2025-11,2,"Kioxia Exceria Plus 256GB C10, U3 V30",Sandisk Ultra MicroSD 150MB/s 1TB,,"Kioxia Exceria Plus 256GB C10, U3 V30",,,,33,text_layer,,
6436a8afd050b2ea905605d3b14d462b31405a00bd67c7d18602477c85771378,laser,2025-11,2,Logitech MK120 Wired ComBo,KEYBOARD + MOUSE ( Combo ),,Logitech MK120 Wired ComBo,,,,21,text_layer,,
6436a8afd050b2ea905605d3b14d462b31405a00bd67c7d18602477c85771378,laser,2025-11,2,Kioxia Exceria Hi Endurance 512GB,Sandisk Ultra MicroSD 150MB/s 1TB,,Kioxia Exceria Hi Endurance 512GB,,,,70,text_layer,,
6436a8afd050b2ea905605d3b14d462b31405a00bd67c7d18602477c85771378,laser,2025-11,2,APC BVX 700LUI-MS 700VA,UNINTERRUPTIBLE POWER SUPPLY,,APC BVX 700LUI-MS 700VA,,,,90,text_layer,,
6436a8afd050b2ea905605d3b14d462b31405a00bd67c7d18602477c85771378,laser,2025-11,2,APC BVX900Li-MS,UNINTERRUPTIBLE POWER SUPPLY,,APC BVX900Li-MS,,,,145,text_layer,,
6436a8afd050b2ea905605d3b14d462b31405a00bd67c7d18602477c85771378,laser,2025-11,2,APC BK650AS BACK UPS CS650VA,UNINTERRUPTIBLE POWER SUPPLY,,APC BK650AS BACK UPS CS650VA,,,,199,text_layer,,
6436a8afd050b2ea905605d3b14d462b31405a00bd67c7d18602477c85771378,laser,2025-11,2,APC BVX1200Li-MS 1200VA,UNINTERRUPTIBLE POWER SUPPLY,,APC BVX1200Li-MS 1200VA,,,,199,text_layer,,
6436a8afd050b2ea905605d3b14d462b31405a00bd67c7d18602477c85771378,laser,2025-11,2,APC BX625Ci- 625VA,UNINTERRUPTIBLE POWER SUPPLY,,APC BX625Ci- 625VA,,,,108,text_layer,,
6436a8afd050b2ea905605d3b14d462b31405a00bd67c7d18602477c85771378,laser,2025-11,2,HP KM100 Keyboard and Mouse wired,KEYBOARD + MOUSE ( Combo ),,HP KM100 Keyboard and Mouse wired,,,,15,text_layer,,
6436a8afd050b2ea905605d3b14d462b31405a00bd67c7d18602477c85771378,laser,2025-11,2,APC BX750MI-MS,UNINTERRUPTIBLE POWER SUPPLY,,APC BX750MI-MS,,,,215,text_layer,,
6436a8afd050b2ea905605d3b14d462b31405a00bd67c7d18602477c85771378,laser,2025-11,2,HP CS500 Combo wireless,KEYBOARD + MOUSE ( Combo ),,HP CS500 Combo wireless,,,,25,text_layer,,
6436a8afd050b2ea905605d3b14d462b31405a00bd67c7d18602477c85771378,laser,2025-11,2,APC BX 1200 MI-MS,UNINTERRUPTIBLE POWER SUPPLY,,APC BX 1200 MI-MS,,,,319,text_layer,,
6436a8afd050b2ea905605d3b14d462b31405a00bd67c7d18602477c85771378,laser,2025-11,2,APC BX 1600 MI-LS,UNINTERRUPTIBLE POWER SUPPLY,,APC BX 1600 MI-LS,,,,375,text_layer,,
6436a8afd050b2ea905605d3b14d462b31405a00bd67c7d18602477c85771378,laser,2025-11,2,Edifier R19BT USB Powered Speakers,SPEAKERS,,Edifier R19BT USB Powered Speakers,,,,39,text_layer,,
6436a8afd050b2ea905605d3b14d462b31405a00bd67c7d18602477c85771378,laser,2025-11,2,A4Tech FB12 Wireless & Bluetooth Mouse,KEYBOARD + MOUSE ( Combo ),,A4Tech FB12 Wireless & Bluetooth Mouse,,,,18,text_layer,,
6436a8afd050b2ea905605d3b14d462b31405a00bd67c7d18602477c85771378,laser,2025-11,2,H.265 8 Channel,VIGI NVR1008H,,H.265 8 Channel,,,,109,text_layer,,
6436a8afd050b2ea905605d3b14d462b31405a00bd67c7d18602477c85771378,laser,2025-11,2,Edifier BookShelf R1010 BT,SPEAKERS,,Edifier BookShelf R1010 BT,,,,78,text_layer,,
6436a8afd050b2ea905605d3b14d462b31405a00bd67c7d18602477c85771378,laser,2025-11,2,ASUS Gaming Mouse CERBERUS,KEYBOARD + MOUSE ( Combo ),,ASUS Gaming Mouse CERBERUS,,,,19,text_layer,,
6436a8afd050b2ea905605d3b14d462b31405a00bd67c7d18602477c85771378,laser,2025-11,2,APC BR1500Gi,UNINTERRUPTIBLE POWER SUPPLY,,APC BR1500Gi,,,,759,text_layer,,
6436a8afd050b2ea905605d3b14d462b31405a00bd67c7d18602477c85771378,laser,2025-11,2,Edifier Studio R1280DBS,SPEAKERS,,Edifier Studio R1280DBS,,,,129,text_layer,,
6436a8afd050b2ea905605d3b14d462b31405a00bd67c7d18602477c85771378,laser,2025-11,2,ASUS TUF GAMING M3 GEN II,KEYBOARD + MOUSE ( Combo ),,ASUS TUF GAMING M3 GEN II,,,,25,text_layer,,
6436a8afd050b2ea905605d3b14d462b31405a00bd67c7d18602477c85771378,laser,2025-11,2,VIGI NVR1004H-4P,VIGI NVR1016H,,VIGI NVR1004H-4P,,,,99,text_layer,,
6436a8afd050b2ea905605d3b14d462b31405a00bd67c7d18602477c85771378,laser,2025-11,2,APC SMC1500IC,UNINTERRUPTIBLE POWER SUPPLY,,APC SMC1500IC,,,,945,text_layer,,
6436a8afd050b2ea905605d3b14d462b31405a00bd67c7d18602477c85771378,laser,2025-11,2,149 ASUS ROG STRIX IMPACT III WIRELESS G,Edifier BOOKSHELF R1700 BT,,149 ASUS ROG STRIX IMPACT III WIRELESS G,,,,62,text_layer,,
6436a8afd050b2ea905605d3b14d462b31405a00bd67c7d18602477c85771378,laser,2025-11,2,APC SRV1KI Easy UPS SRV 1000VA,UNINTERRUPTIBLE POWER SUPPLY,,APC SRV1KI Easy UPS SRV 1000VA,,,,479,text_layer,,
6436a8afd050b2ea905605d3b14d462b31405a00bd67c7d18602477c85771378,laser,2025-11,2,Edifier BOOKSHELF R1855DB BT,Edifier BOOKSHELF R1700 BT,,Edifier BOOKSHELF R1855DB BT,,,,169,text_layer,,
6436a8afd050b2ea905605d3b14d462b31405a00bd67c7d18602477c85771378,laser,2025-11,2,EVGA X12 GAMING MOUSE White,KEYBOARD + MOUSE ( Combo ),,EVGA X12 GAMING MOUSE White,,,,48,text_layer,,
6436a8afd050b2ea905605d3b14d462b31405a00bd67c7d18602477c85771378,laser,2025-11,2,VIGI NVR1008H-8MP,VIGI NVR1016H,,VIGI NVR1008H-8MP,,,,172,text_layer,,
6436a8afd050b2ea905605d3b14d462b31405a00bd67c7d18602477c85771378,laser,2025-11,2,APC SRV2KI Easy UPS SRV 2000VA,UNINTERRUPTIBLE POWER SUPPLY,,APC SRV2KI Easy UPS SRV 2000VA,,,,899,text_layer,,
6436a8afd050b2ea905605d3b14d462b31405a00bd67c7d18602477c85771378,laser,2025-11,2,Lecoo DS105,Edifier BOOKSHELF R1700 BT,,Lecoo DS105,,,,15,text_layer,,
6436a8afd050b2ea905605d3b14d462b31405a00bd67c7d18602477c85771378,laser,2025-11,2,"Galax SLIDER 05 Gaming 10,000 dpi",KEYBOARD + MOUSE ( Combo ),,"Galax SLIDER 05 Gaming 10,000 dpi",,,,27,text_layer,,
6436a8afd050b2ea905605d3b14d462b31405a00bd67c7d18602477c85771378,laser,2025-11,2,1315 HP DHE6002S Sound Bar,ARTIC,,1315 HP DHE6002S Sound Bar,,,,39,text_layer,,
6436a8afd050b2ea905605d3b14d462b31405a00bd67c7d18602477c85771378,laser,2025-11,2,LENOVO Essential Wireless Compact,KEYBOARD + MOUSE ( Combo ),,LENOVO Essential Wireless Compact,,,,17,text_layer,,
6436a8afd050b2ea905605d3b14d462b31405a00bd67c7d18602477c85771378,laser,2025-11,2,VIGI NVR1108H-W,VIGI NVR1016H,,VIGI NVR1108H-W,,,,165,text_layer,,
6436a8afd050b2ea905605d3b14d462b31405a00bd67c7d18602477c85771378,laser,2025-11,2,APC SMT 2200 ic,APC SRV3KI Easy UPS SRV 3000VA,,APC SMT 2200 ic,,,,1895,text_layer,,
6436a8afd050b2ea905605d3b14d462b31405a00bd67c7d18602477c85771378,laser,2025-11,2,Logitech S150,Edifier BOOKSHELF R1700 BT,,Logitech S150,,,,18,text_layer,,
6436a8afd050b2ea905605d3b14d462b31405a00bd67c7d18602477c85771378,laser,2025-11,2,Logitech G502 HERO Gamong Mse,KEYBOARD + MOUSE ( Combo ),,Logitech G502 HERO Gamong Mse,,,,55,text_layer,,
6436a8afd050b2ea905605d3b14d462b31405a00bd67c7d18602477c85771378,laser,2025-11,2,1375 Logitech G560 2.1 Speakers,ARTIC,,1375 Logitech G560 2.1 Speakers,,,,209,text_layer,,
6436a8afd050b2ea905605d3b14d462b31405a00bd67c7d18602477c85771378,laser,2025-11,2,Vertiv Libert PSA 720 SOHO LITE,APC SMT 1500 ic,,Vertiv Libert PSA 720 SOHO LITE,,,,75,text_layer,,
6436a8afd050b2ea905605d3b14d462b31405a00bd67c7d18602477c85771378,laser,2025-11,2,EATON 5E2200UI,APC SMT 1500 ic,,EATON 5E2200UI,,,,379,text_layer,,
6436a8afd050b2ea905605d3b14d462b31405a00bd67c7d18602477c85771378,laser,2025-11,2,EATON 5A 2200,APC SMT 1500 ic,,EATON 5A 2200,,,,259,text_layer,,
6436a8afd050b2ea905605d3b14d462b31405a00bd67c7d18602477c85771378,laser,2025-11,2,Logitech G604 Wireless mouse,Logitech G502 Lightspeed Wireless mse,,Logitech G604 Wireless mouse,,,,92,text_layer,,
6436a8afd050b2ea905605d3b14d462b31405a00bd67c7d18602477c85771378,laser,2025-11,2,Logitech C505E HD WebCam,8 Channel Wi-fi Network Video recorder,,Logitech C505E HD WebCam,,,,48,text_layer,,
6436a8afd050b2ea905605d3b14d462b31405a00bd67c7d18602477c85771378,laser,2025-11,2,Logitech G705 Wireless Gaming Mouse,Logitech G502 Lightspeed Wireless mse,,Logitech G705 Wireless Gaming Mouse,,,,119,text_layer,,
6436a8afd050b2ea905605d3b14d462b31405a00bd67c7d18602477c85771378,laser,2025-11,2,Jabra SPEAK 510 USB conference solution,Edifier BOOKSHELF R1700 BT,,Jabra SPEAK 510 USB conference solution,,,,198,text_layer,,
6436a8afd050b2ea905605d3b14d462b31405a00bd67c7d18602477c85771378,laser,2025-11,2,Logitech M240 Blue tooth Wireless mse,MOUSE,,Logitech M240 Blue tooth Wireless mse,,,,26,text_layer,,
6436a8afd050b2ea905605d3b14d462b31405a00bd67c7d18602477c85771378,laser,2025-11,2,Logitech C922 PRO Webcam,PC WEBCAM / Video Conference,,Logitech C922 PRO Webcam,,,,119,text_layer,,
6436a8afd050b2ea905605d3b14d462b31405a00bd67c7d18602477c85771378,laser,2025-11,2,Logitech C925e webcam,PC WEBCAM / Video Conference,,Logitech C925e webcam,,,,132,text_layer,,
6436a8afd050b2ea905605d3b14d462b31405a00bd67c7d18602477c85771378,laser,2025-11,2,Logitech C930E Webcam,8 Channel Wi-fi Network Video recorder,,Logitech C930E Webcam,,,,143,text_layer,,
6436a8afd050b2ea905605d3b14d462b31405a00bd67c7d18602477c85771378,laser,2025-11,2,USB/BT,Speaker Phone,,USB/BT,,,,339,text_layer,,
6436a8afd050b2ea905605d3b14d462b31405a00bd67c7d18602477c85771378,laser,2025-11,2,Logitech Brio 105 Webcam,8 Channel Wi-fi Network Video recorder,,Logitech Brio 105 Webcam,,,,45,text_layer,,
6436a8afd050b2ea905605d3b14d462b31405a00bd67c7d18602477c85771378,laser,2025-11,2,USB/BT 7700-309,Speaker Phone,,USB/BT 7700-309,,,,429,text_layer,,
6436a8afd050b2ea905605d3b14d462b31405a00bd67c7d18602477c85771378,laser,2025-11,2,Logitech Brio 500 Webcam,8 Channel Wi-fi Network Video recorder,,Logitech Brio 500 Webcam,,,,157,text_layer,,
6436a8afd050b2ea905605d3b14d462b31405a00bd67c7d18602477c85771378,laser,2025-11,2,Logitech Brio 505 USB C Webcam,8 Channel Wi-fi Network Video recorder,,Logitech Brio 505 USB C Webcam,,,,155,text_layer,,
6436a8afd050b2ea905605d3b14d462b31405a00bd67c7d18602477c85771378,laser,2025-11,2,Logitech Brio 4K Webcam,8 Channel Wi-fi Network Video recorder,,Logitech Brio 4K Webcam,,,,259,text_layer,,
6436a8afd050b2ea905605d3b14d462b31405a00bd67c7d18602477c85771378,laser,2025-11,2,Kensington Orbit Trackball,Logitech MX Master 3 – Mac,,Kensington Orbit Trackball,,,,52,text_layer,,
6436a8afd050b2ea905605d3b14d462b31405a00bd67c7d18602477c85771378,laser,2025-11,2,Targus Web Cam Pro USB Camera,8 Channel Wi-fi Network Video recorder,,Targus Web Cam Pro USB Camera,,,,48,text_layer,,
6436a8afd050b2ea905605d3b14d462b31405a00bd67c7d18602477c85771378,laser,2025-11,2,Targus B582 Muti Device BT & 2.4ghz,with Scroll Ring,,Targus B582 Muti Device BT & 2.4ghz,,,,32,text_layer,,
6436a8afd050b2ea905605d3b14d462b31405a00bd67c7d18602477c85771378,laser,2025-11,2,Asus DVD Internal Writer oem,8 Channel Wi-fi Network Video recorder,,Asus DVD Internal Writer oem,,,,26,text_layer,,
6436a8afd050b2ea905605d3b14d462b31405a00bd67c7d18602477c85771378,laser,2025-11,2,Orico 2.5” 2139C3 type C USB 10Gbp2.5”,HARD DISK ENCLOSURE AND DOCK,,Orico 2.5” 2139C3 type C USB 10Gbp2.5”,,,,23,text_layer,,
6436a8afd050b2ea905605d3b14d462b31405a00bd67c7d18602477c85771378,laser,2025-11,2,Jabra Evlv 20 Mono UC Hd Audio,Lenovo Wireless VoIP Speakerphone199,,Jabra Evlv 20 Mono UC Hd Audio,,,,58,text_layer,,
6436a8afd050b2ea905605d3b14d462b31405a00bd67c7d18602477c85771378,laser,2025-11,2,Jabra Evlv 20 Stereo UC Hd Audio,Lenovo Wireless VoIP Speakerphone199,,Jabra Evlv 20 Stereo UC Hd Audio,,,,65,text_layer,,
6436a8afd050b2ea905605d3b14d462b31405a00bd67c7d18602477c85771378,laser,2025-11,2,Orico USB C Sata hdd/ssd adapter UTS-3C,HARD DISK ENCLOSURE AND DOCK,,Orico USB C Sata hdd/ssd adapter UTS-3C,,,,17,text_layer,,
6436a8afd050b2ea905605d3b14d462b31405a00bd67c7d18602477c85771378,laser,2025-11,2,Jabra Evolve 20 SE Stereo,Lenovo Wireless VoIP Speakerphone199,,Jabra Evolve 20 SE Stereo,,,,78,text_layer,,
6436a8afd050b2ea905605d3b14d462b31405a00bd67c7d18602477c85771378,laser,2025-11,2,Jabra Evolve 30 II UC Stereo 5399829,Lenovo Wireless VoIP Speakerphone199,,Jabra Evolve 30 II UC Stereo 5399829,,,,99,text_layer,,
6436a8afd050b2ea905605d3b14d462b31405a00bd67c7d18602477c85771378,laser,2025-11,2,Jabra Evolve 30 II MS Stereo 5399823,Lenovo Wireless VoIP Speakerphone199,,Jabra Evolve 30 II MS Stereo 5399823,,,,99,text_layer,,
6436a8afd050b2ea905605d3b14d462b31405a00bd67c7d18602477c85771378,laser,2025-11,2,Edifier W820NB Wireless headset,Lenovo Wireless VoIP Speakerphone199,,Edifier W820NB Wireless headset,,,,89,text_layer,,
6436a8afd050b2ea905605d3b14d462b31405a00bd67c7d18602477c85771378,laser,2025-11,2,HP mouse pad 350x240x3 mm,RBC17,,HP mouse pad 350x240x3 mm,,,,7,text_layer,,
6436a8afd050b2ea905605d3b14d462b31405a00bd67c7d18602477c85771378,laser,2025-11,2,Logitech H150,Lenovo Wireless VoIP Speakerphone199,,Logitech H150,,,,19,text_layer,,
6436a8afd050b2ea905605d3b14d462b31405a00bd67c7d18602477c85771378,laser,2025-11,2,Elgato WAVE 1,USB 3.0 (USB 3.1 Gen 1),,Elgato WAVE 1,,,,158,text_layer,,
6436a8afd050b2ea905605d3b14d462b31405a00bd67c7d18602477c85771378,laser,2025-11,2,HP mouse pad 700x350x3 mm,RBC17,,HP mouse pad 700x350x3 mm,,,,12,text_layer,,
6436a8afd050b2ea905605d3b14d462b31405a00bd67c7d18602477c85771378,laser,2025-11,2,Orico 6518 2.5”&3.5” Single Docking,HARD DISK ENCLOSURE AND DOCK,,Orico 6518 2.5”&3.5” Single Docking,,,,29.9,text_layer,,
6436a8afd050b2ea905605d3b14d462b31405a00bd67c7d18602477c85771378,laser,2025-11,2,NZXT USB MICROPHONE,Game Stick/Pad/ CAPTURE Devices,,NZXT USB MICROPHONE,,,,119,text_layer,,
6436a8afd050b2ea905605d3b14d462b31405a00bd67c7d18602477c85771378,laser,2025-11,2,Cooler Master MP 511 SF6,RBC17,,Cooler Master MP 511 SF6,,,,19.9,text_layer,,
6436a8afd050b2ea905605d3b14d462b31405a00bd67c7d18602477c85771378,laser,2025-11,2,Logitech H390,Lenovo Wireless VoIP Speakerphone199,,Logitech H390,,,,53,text_layer,,
6436a8afd050b2ea905605d3b14d462b31405a00bd67c7d18602477c85771378,laser,2025-11,2,Orico 6228US3-C 2Bay Dock,HARD DISK ENCLOSURE AND DOCK,,Orico 6228US3-C 2Bay Dock,,,,39,text_layer,,
6436a8afd050b2ea905605d3b14d462b31405a00bd67c7d18602477c85771378,laser,2025-11,2,UG CM489 USB Video Capure Card,USB 3.0 (USB 3.1 Gen 1),,UG CM489 USB Video Capure Card,,,,29,text_layer,,
6436a8afd050b2ea905605d3b14d462b31405a00bd67c7d18602477c85771378,laser,2025-11,2,* Cooler Master MP 511XL 900x400x,RBC17,,* Cooler Master MP 511XL 900x400x,,,,42,text_layer,,
6436a8afd050b2ea905605d3b14d462b31405a00bd67c7d18602477c85771378,laser,2025-11,2,Logitech H570e USB Headset,Lenovo Wireless VoIP Speakerphone199,,Logitech H570e USB Headset,,,,72,text_layer,,
6436a8afd050b2ea905605d3b14d462b31405a00bd67c7d18602477c85771378,laser,2025-11,2,Orico 6648US3C 1 to 3 HD Clone Dock,HARD DISK ENCLOSURE AND DOCK,,Orico 6648US3C 1 to 3 HD Clone Dock,,,,129,text_layer,,
6436a8afd050b2ea905605d3b14d462b31405a00bd67c7d18602477c85771378,laser,2025-11,2,j5Create JVA02,USB 3.0 (USB 3.1 Gen 1),,j5Create JVA02,,,,149,text_layer,,
6436a8afd050b2ea905605d3b14d462b31405a00bd67c7d18602477c85771378,laser,2025-11,2,HYTE Eclipse HG10 Wireless,Lenovo Wireless VoIP Speakerphone199,,HYTE Eclipse HG10 Wireless,,,,45,text_layer,,
6436a8afd050b2ea905605d3b14d462b31405a00bd67c7d18602477c85771378,laser,2025-11,2,Orico PWDM2-G2 m.2 NVMe+sata,HARD DISK ENCLOSURE AND DOCK,,Orico PWDM2-G2 m.2 NVMe+sata,,,,24,text_layer,,
6436a8afd050b2ea905605d3b14d462b31405a00bd67c7d18602477c85771378,laser,2025-11,2,j5Create JVA04 game capture,USB 3.0 (USB 3.1 Gen 1),,j5Create JVA04 game capture,,,,245,text_layer,,
6436a8afd050b2ea905605d3b14d462b31405a00bd67c7d18602477c85771378,laser,2025-11,2,Orico M2PV C3 NVME M.2 SSD Enclosure,HARD DISK ENCLOSURE AND DOCK,,Orico M2PV C3 NVME M.2 SSD Enclosure,,,,30,text_layer,,
6436a8afd050b2ea905605d3b14d462b31405a00bd67c7d18602477c85771378,laser,2025-11,2,Orico TCM2-C3 NVME M.2 SSD Enclosure,HARD DISK ENCLOSURE AND DOCK,,Orico TCM2-C3 NVME M.2 SSD Enclosure,,,,29,text_layer,,
6436a8afd050b2ea905605d3b14d462b31405a00bd67c7d18602477c85771378,laser,2025-11,2,Tecware Haste XL RGB Mouse Mat,RBC17,,Tecware Haste XL RGB Mouse Mat,,,,16,text_layer,,
6436a8afd050b2ea905605d3b14d462b31405a00bd67c7d18602477c85771378,laser,2025-11,2,ORICO USB Sound Card,Lenovo Wireless VoIP Speakerphone199,,ORICO USB Sound Card,,,,15,text_layer,,
6436a8afd050b2ea905605d3b14d462b31405a00bd67c7d18602477c85771378,laser,2025-11,2,Unitek SolidForce M.2 Nvme Enc Tool Free,HARD DISK ENCLOSURE AND DOCK,,Unitek SolidForce M.2 Nvme Enc Tool Free,,,,35,text_layer,,
6436a8afd050b2ea905605d3b14d462b31405a00bd67c7d18602477c85771378,laser,2025-11,3,RT-AX 53U AX1800 Dual Band,NETWORK @ ASUS,,RT-AX 53U AX1800 Dual Band,,,,93,text_layer,,
6436a8afd050b2ea905605d3b14d462b31405a00bd67c7d18602477c85771378,laser,2025-11,3,5 port GB Switch (Metal),DGS-105GL,,5 port GB Switch (Metal),,,,22,text_layer,,
6436a8afd050b2ea905605d3b14d462b31405a00bd67c7d18602477c85771378,laser,2025-11,3,RT-AX 1800 HP,NETWORK @ ASUS,,RT-AX 1800 HP,,,,98,text_layer,,
6436a8afd050b2ea905605d3b14d462b31405a00bd67c7d18602477c85771378,laser,2025-11,3,2 Bay,2 Bay,,2 Bay,,,,365,text_layer,,
6436a8afd050b2ea905605d3b14d462b31405a00bd67c7d18602477c85771378,laser,2025-11,3,8 port GB Switch (Metal),DGS-108GL,,8 port GB Switch (Metal),,,,30,text_layer,,
6436a8afd050b2ea905605d3b14d462b31405a00bd67c7d18602477c85771378,laser,2025-11,3,RT-AX 57 Gigabit Router,NETWORK @ ASUS,,RT-AX 57 Gigabit Router,,,,145,text_layer,,
6436a8afd050b2ea905605d3b14d462b31405a00bd67c7d18602477c85771378,laser,2025-11,3,Deco BE85(1-pack),Deco BE85(2-pack),,Deco BE85(1-pack),,,,639,text_layer,,
6436a8afd050b2ea905605d3b14d462b31405a00bd67c7d18602477c85771378,laser,2025-11,3,5-port GB Switch,DGS-1005A,,5-port GB Switch,,,,19,text_layer,,
6436a8afd050b2ea905605d3b14d462b31405a00bd67c7d18602477c85771378,laser,2025-11,3,Router,enclo sures,,Router,,,,243,text_layer,,
6436a8afd050b2ea905605d3b14d462b31405a00bd67c7d18602477c85771378,laser,2025-11,3,Deco BE68 (3 Pack),Deco BE85(2-pack),,Deco BE68 (3 Pack),,,,799,text_layer,,
6436a8afd050b2ea905605d3b14d462b31405a00bd67c7d18602477c85771378,laser,2025-11,3,4 Bay,2 Bay,,4 Bay,,,,529,text_layer,,
6436a8afd050b2ea905605d3b14d462b31405a00bd67c7d18602477c85771378,laser,2025-11,3,8-port GB Switch,DGS-1008A,,8-port GB Switch,,,,27,text_layer,,
6436a8afd050b2ea905605d3b14d462b31405a00bd67c7d18602477c85771378,laser,2025-11,3,TUF-AX4200 Router,RT-AX5400,,TUF-AX4200 Router,,,,208,text_layer,,
6436a8afd050b2ea905605d3b14d462b31405a00bd67c7d18602477c85771378,laser,2025-11,3,Deco BE68 (2 Pack),Deco BE85(2-pack),,Deco BE68 (2 Pack),,,,570,text_layer,,
6436a8afd050b2ea905605d3b14d462b31405a00bd67c7d18602477c85771378,laser,2025-11,3,4 Bay,2 Bay,,4 Bay,,,,668,text_layer,,
6436a8afd050b2ea905605d3b14d462b31405a00bd67c7d18602477c85771378,laser,2025-11,3,16-Port GB Switch,DGS-1016S,,16-Port GB Switch,,,,85,text_layer,,
6436a8afd050b2ea905605d3b14d462b31405a00bd67c7d18602477c85771378,laser,2025-11,3,TUF-AX5400 Gamg Router AX5400,RT-AX5400,,TUF-AX5400 Gamg Router AX5400,,,,270,text_layer,,
6436a8afd050b2ea905605d3b14d462b31405a00bd67c7d18602477c85771378,laser,2025-11,3,Deco BE68 (1Pack),Deco BE85(2-pack),,Deco BE68 (1Pack),,,,289,text_layer,,
6436a8afd050b2ea905605d3b14d462b31405a00bd67c7d18602477c85771378,laser,2025-11,3,TUF-AX6000 Gamg Router AX5400,RT-AX5400,,TUF-AX6000 Gamg Router AX5400,,,,268,text_layer,,
6436a8afd050b2ea905605d3b14d462b31405a00bd67c7d18602477c85771378,laser,2025-11,3,24-Port GB Switch,DGS-1024C,,24-Port GB Switch,,,,158,text_layer,,
6436a8afd050b2ea905605d3b14d462b31405a00bd67c7d18602477c85771378,laser,2025-11,3,ROG Rapture GT-AX6000 WIFI6 Router,RT-AX5400,,ROG Rapture GT-AX6000 WIFI6 Router,,,,449,text_layer,,
6436a8afd050b2ea905605d3b14d462b31405a00bd67c7d18602477c85771378,laser,2025-11,3,Deco BE65 PRO (3 Pack),Deco BE85(2-pack),,Deco BE65 PRO (3 Pack),,,,735,text_layer,,
6436a8afd050b2ea905605d3b14d462b31405a00bd67c7d18602477c85771378,laser,2025-11,3,5 port 2.5GB with 1 x SFP,DMS -F106TS,,5 port 2.5GB with 1 x SFP,,,,88,text_layer,,
6436a8afd050b2ea905605d3b14d462b31405a00bd67c7d18602477c85771378,laser,2025-11,3,Deco BE65 PRO (2 Pack),Deco BE85(2-pack),,Deco BE65 PRO (2 Pack),,,,495,text_layer,,
6436a8afd050b2ea905605d3b14d462b31405a00bd67c7d18602477c85771378,laser,2025-11,3,8 port 2.5Gb with 1x SFP,DMS F109TS,,8 port 2.5Gb with 1x SFP,,,,149,text_layer,,
6436a8afd050b2ea905605d3b14d462b31405a00bd67c7d18602477c85771378,laser,2025-11,3,Zen Wi FI XD4S (2 pack) AX1800,RT-AX5400,,Zen Wi FI XD4S (2 pack) AX1800,,,,149,text_layer,,
6436a8afd050b2ea905605d3b14d462b31405a00bd67c7d18602477c85771378,laser,2025-11,3,Deco BE65 PRO (1 Pack),Deco BE85(2-pack),,Deco BE65 PRO (1 Pack),,,,248,text_layer,,
6436a8afd050b2ea905605d3b14d462b31405a00bd67c7d18602477c85771378,laser,2025-11,3,8-port 10Gb Smart Switch,DXS-F108T,,8-port 10Gb Smart Switch,,,,342,text_layer,,
6436a8afd050b2ea905605d3b14d462b31405a00bd67c7d18602477c85771378,laser,2025-11,3,Zen Wi FI XD4S (3 pack) AX1800,RT-AX5400,,Zen Wi FI XD4S (3 pack) AX1800,,,,272,text_layer,,
6436a8afd050b2ea905605d3b14d462b31405a00bd67c7d18602477c85771378,laser,2025-11,3,Deco BE25(1-pack),Deco BE85(2-pack),,Deco BE25(1-pack),,,,139,text_layer,,
6436a8afd050b2ea905605d3b14d462b31405a00bd67c7d18602477c85771378,laser,2025-11,3,Switch,Launch Special,,Switch,,,,56,text_layer,,
6436a8afd050b2ea905605d3b14d462b31405a00bd67c7d18602477c85771378,laser,2025-11,3,Zen Wi FI XD5 (1 pack) AX 3000,RT-AX5400,,Zen Wi FI XD5 (1 pack) AX 3000,,,,152,text_layer,,
6436a8afd050b2ea905605d3b14d462b31405a00bd67c7d18602477c85771378,laser,2025-11,3,Deco BE25(2-pack),Deco BE85(2-pack),,Deco BE25(2-pack),,,,268,text_layer,,
6436a8afd050b2ea905605d3b14d462b31405a00bd67c7d18602477c85771378,laser,2025-11,3,Synology Bee Station 4T,Synology DS423+,,Synology Bee Station 4T,,,,375,text_layer,,
6436a8afd050b2ea905605d3b14d462b31405a00bd67c7d18602477c85771378,laser,2025-11,3,8 port POE Switch,5 Port GB POE,,8 port POE Switch,,,,70,text_layer,,
6436a8afd050b2ea905605d3b14d462b31405a00bd67c7d18602477c85771378,laser,2025-11,3,Zen Wi FI XD5 (2 pack) AX 3000,RT-AX5400,,Zen Wi FI XD5 (2 pack) AX 3000,,,,268,text_layer,,
6436a8afd050b2ea905605d3b14d462b31405a00bd67c7d18602477c85771378,laser,2025-11,3,Deco BE25(3-pack),Deco BE85(2-pack),,Deco BE25(3-pack),,,,375,text_layer,,
6436a8afd050b2ea905605d3b14d462b31405a00bd67c7d18602477c85771378,laser,2025-11,3,Synology Camera Lic,Synology DS423+,,Synology Camera Lic,,,,79,text_layer,,
6436a8afd050b2ea905605d3b14d462b31405a00bd67c7d18602477c85771378,laser,2025-11,3,Zen Wi FI XD5 (3 pack) AX 3000,RT-AX5400,,Zen Wi FI XD5 (3 pack) AX 3000,,,,359,text_layer,,
6436a8afd050b2ea905605d3b14d462b31405a00bd67c7d18602477c85771378,laser,2025-11,3,Synology DS225+,Synology DS423+,,Synology DS225+,,,,429,text_layer,,
6436a8afd050b2ea905605d3b14d462b31405a00bd67c7d18602477c85771378,laser,2025-11,3,AX3000 Min USB3.0 Adapter,5 Port GB POE,,AX3000 Min USB3.0 Adapter,,,,29,text_layer,,
6436a8afd050b2ea905605d3b14d462b31405a00bd67c7d18602477c85771378,laser,2025-11,3,Deco XE75 PRO (2Pc Pack),Deco BE85(2-pack),,Deco XE75 PRO (2Pc Pack),,,,265,text_layer,,
6436a8afd050b2ea905605d3b14d462b31405a00bd67c7d18602477c85771378,laser,2025-11,3,Synology DS425+,Synology DS423+,,Synology DS425+,,,,649,text_layer,,
6436a8afd050b2ea905605d3b14d462b31405a00bd67c7d18602477c85771378,laser,2025-11,3,Zen Wi FI XT 8 (1 pc pack) AX6600,RT-AX5400,,Zen Wi FI XT 8 (1 pc pack) AX6600,,,,283,text_layer,,
6436a8afd050b2ea905605d3b14d462b31405a00bd67c7d18602477c85771378,laser,2025-11,3,370 Synology DS1525+ 5 Bay NAS,1020 Synology DS223,,370 Synology DS1525+ 5 Bay NAS,,,,970,text_layer,,
6436a8afd050b2ea905605d3b14d462b31405a00bd67c7d18602477c85771378,laser,2025-11,3,Zen Wi FI XT 8 (2 pc pack) AX6600,RT-AX5400,,Zen Wi FI XT 8 (2 pc pack) AX6600,,,,508,text_layer,,
6436a8afd050b2ea905605d3b14d462b31405a00bd67c7d18602477c85771378,laser,2025-11,3,D4ES02-4g,Synology DS423+,,D4ES02-4g,,,,129,text_layer,,
6436a8afd050b2ea905605d3b14d462b31405a00bd67c7d18602477c85771378,laser,2025-11,3,4G LTE USB Mobile Router,AX3000 High Gain USB3.0 Adapt 36,,4G LTE USB Mobile Router,,,,47,text_layer,,
6436a8afd050b2ea905605d3b14d462b31405a00bd67c7d18602477c85771378,laser,2025-11,3,Zen WIFI 7 BD4 2 Pack 2.5Gbps,RT-AX5400,,Zen WIFI 7 BD4 2 Pack 2.5Gbps,,,,278,text_layer,,
6436a8afd050b2ea905605d3b14d462b31405a00bd67c7d18602477c85771378,laser,2025-11,3,Deco X50-4G LTE (1-pack) AX3000,Deco XE75 PRO (3 Pc Pack),,Deco X50-4G LTE (1-pack) AX3000,,,,142,text_layer,,
6436a8afd050b2ea905605d3b14d462b31405a00bd67c7d18602477c85771378,laser,2025-11,3,4G LTE Mobile Router,DWR- 930M,,4G LTE Mobile Router,,,,37,text_layer,,
6436a8afd050b2ea905605d3b14d462b31405a00bd67c7d18602477c85771378,laser,2025-11,3,Zen WIFI 7 BD4 3 Pack 2.5Gbps,RT-AX5400,,Zen WIFI 7 BD4 3 Pack 2.5Gbps,,,,388,text_layer,,
6436a8afd050b2ea905605d3b14d462b31405a00bd67c7d18602477c85771378,laser,2025-11,3,DECO X50-5G LTE 5G AX3000,Deco XE75 PRO (3 Pc Pack),,DECO X50-5G LTE 5G AX3000,,,,259,text_layer,,
6436a8afd050b2ea905605d3b14d462b31405a00bd67c7d18602477c85771378,laser,2025-11,3,D4NESO-2666-4G,"For DS923+, DS723+, RS822RP+, RS822+, DS2422+",,D4NESO-2666-4G,,,,137,text_layer,,
6436a8afd050b2ea905605d3b14d462b31405a00bd67c7d18602477c85771378,laser,2025-11,3,4G Cat6 Wifi 6 LTE Router,DWR- 930M,,4G Cat6 Wifi 6 LTE Router,,,,145,text_layer,,
6436a8afd050b2ea905605d3b14d462b31405a00bd67c7d18602477c85771378,laser,2025-11,3,4G-AX56 LTE Router AX1800,RT-AX5400,,4G-AX56 LTE Router AX1800,,,,275,text_layer,,
6436a8afd050b2ea905605d3b14d462b31405a00bd67c7d18602477c85771378,laser,2025-11,3,4G LTE N300 Router,DWR- 930M,,4G LTE N300 Router,,,,58,text_layer,,
6436a8afd050b2ea905605d3b14d462b31405a00bd67c7d18602477c85771378,laser,2025-11,3,4G Cat4 WiFi 6 Mobile Hotspot,DWR-940M,,4G Cat4 WiFi 6 Mobile Hotspot,,,,72,text_layer,,
6436a8afd050b2ea905605d3b14d462b31405a00bd67c7d18602477c85771378,laser,2025-11,3,USB AX56 AX1800 Wifi,RT-AX5400,,USB AX56 AX1800 Wifi,,,,88,text_layer,,
6436a8afd050b2ea905605d3b14d462b31405a00bd67c7d18602477c85771378,laser,2025-11,3,5 G Mobile HotSpot Wifi,DWR-940M,,5 G Mobile HotSpot Wifi,,,,149,text_layer,,
6436a8afd050b2ea905605d3b14d462b31405a00bd67c7d18602477c85771378,laser,2025-11,3,GT BE98,RT-AX5400,,GT BE98,,,,939,text_layer,,
6436a8afd050b2ea905605d3b14d462b31405a00bd67c7d18602477c85771378,laser,2025-11,3,4 Bay,Terra-Master F4-423,,4 Bay,,,,579,text_layer,,
6436a8afd050b2ea905605d3b14d462b31405a00bd67c7d18602477c85771378,laser,2025-11,3,5 G Mobile HotSpot Wifi 6,DWR-940M,,5 G Mobile HotSpot Wifi 6,,,,199,text_layer,,
6436a8afd050b2ea905605d3b14d462b31405a00bd67c7d18602477c85771378,laser,2025-11,3,BQ1 6 (W-1-PK),RT-AX5400,,BQ1 6 (W-1-PK),,,,749,text_layer,,
6436a8afd050b2ea905605d3b14d462b31405a00bd67c7d18602477c85771378,laser,2025-11,3,5G NR Wi-Fi 6 AX1800,DWR-X2000,,5G NR Wi-Fi 6 AX1800,,,,179,text_layer,,
6436a8afd050b2ea905605d3b14d462b31405a00bd67c7d18602477c85771378,laser,2025-11,3,BQ1 6 (W-2-PK),RT-AX5400,,BQ1 6 (W-2-PK),,,,1409,text_layer,,
6436a8afd050b2ea905605d3b14d462b31405a00bd67c7d18602477c85771378,laser,2025-11,3,459 DWR-BE7200G 5G NR Wi-Fi 7 BE7200,2 Bay,,459 DWR-BE7200G 5G NR Wi-Fi 7 BE7200,,,,339,text_layer,,
6436a8afd050b2ea905605d3b14d462b31405a00bd67c7d18602477c85771378,laser,2025-11,3,BT10(W-2-PK),RT-AX5400,,BT10(W-2-PK),,,,1080,text_layer,,
6436a8afd050b2ea905605d3b14d462b31405a00bd67c7d18602477c85771378,laser,2025-11,3,RT- BE58U WiFi7 10G DUALBAND RTR,RT-AX5400,,RT- BE58U WiFi7 10G DUALBAND RTR,,,,169,text_layer,,
6436a8afd050b2ea905605d3b14d462b31405a00bd67c7d18602477c85771378,laser,2025-11,3,RT -BE86U WiFi7 10G DUALBAND RTR,RT-AX5400,,RT -BE86U WiFi7 10G DUALBAND RTR,,,,468,text_layer,,
6436a8afd050b2ea905605d3b14d462b31405a00bd67c7d18602477c85771378,laser,2025-11,3,10G Be9300 WiFi 7 AP Offer OTF,EAP773,,10G Be9300 WiFi 7 AP Offer OTF,,,,289,text_layer,,
6436a8afd050b2ea905605d3b14d462b31405a00bd67c7d18602477c85771378,laser,2025-11,3,RT-BE88U,RT-AX5400,,RT-BE88U,,,,528,text_layer,,
6436a8afd050b2ea905605d3b14d462b31405a00bd67c7d18602477c85771378,laser,2025-11,3,Router AX1900,EMAIL : LDPLSL@SINGNET.COM.SG,,Router AX1900,,,,68,text_layer,,
6436a8afd050b2ea905605d3b14d462b31405a00bd67c7d18602477c85771378,laser,2025-11,3,2.5G BE5000 WiFi 7 AP Offer OTF,EAP723,,2.5G BE5000 WiFi 7 AP Offer OTF,,,,179,text_layer,,
6436a8afd050b2ea905605d3b14d462b31405a00bd67c7d18602477c85771378,laser,2025-11,3,"RT-BE92U WiFi7 1x10G,4X2.5G SMART RTR",RT-AX5400,,"RT-BE92U WiFi7 1x10G,4X2.5G SMART RTR",,,,332,text_layer,,
6436a8afd050b2ea905605d3b14d462b31405a00bd67c7d18602477c85771378,laser,2025-11,3,Router AX1500,EMAIL : LDPLSL@SINGNET.COM.SG,,Router AX1500,,,,69,text_layer,,
6436a8afd050b2ea905605d3b14d462b31405a00bd67c7d18602477c85771378,laser,2025-11,3,TUF BE 6500 Wifi 7 4 x 2.5Gbps,RT-AX5400,,TUF BE 6500 Wifi 7 4 x 2.5Gbps,,,,275,text_layer,,
6436a8afd050b2ea905605d3b14d462b31405a00bd67c7d18602477c85771378,laser,2025-11,3,Router AX1800,EMAIL : LDPLSL@SINGNET.COM.SG,,Router AX1800,,,,98,text_layer,,
6436a8afd050b2ea905605d3b14d462b31405a00bd67c7d18602477c85771378,laser,2025-11,3,AX5400 WiFi 6 AP,EAP670,,AX5400 WiFi 6 AP,,,,143,text_layer,,
6436a8afd050b2ea905605d3b14d462b31405a00bd67c7d18602477c85771378,laser,2025-11,3,XG C100C 10- GIGABIT,RT-AX5400,,XG C100C 10- GIGABIT,,,,105,text_layer,,
6436a8afd050b2ea905605d3b14d462b31405a00bd67c7d18602477c85771378,laser,2025-11,3,Router AX3000,EMAIL : LDPLSL@SINGNET.COM.SG,,Router AX3000,,,,139,text_layer,,
6436a8afd050b2ea905605d3b14d462b31405a00bd67c7d18602477c85771378,laser,2025-11,3,PCIe BE92BT-WiFi 7 CARD,RT-AX5400,,PCIe BE92BT-WiFi 7 CARD,,,,101,text_layer,,
6436a8afd050b2ea905605d3b14d462b31405a00bd67c7d18602477c85771378,laser,2025-11,3,AX3000 WiFi 6 AP,EAP 650,,AX3000 WiFi 6 AP,,,,132,text_layer,,
6436a8afd050b2ea905605d3b14d462b31405a00bd67c7d18602477c85771378,laser,2025-11,3,PCE-AX3000 PCIE WiFi 6 with Bluetooth,RT-AX5400,,PCE-AX3000 PCIE WiFi 6 with Bluetooth,,,,39,text_layer,,
6436a8afd050b2ea905605d3b14d462b31405a00bd67c7d18602477c85771378,laser,2025-11,3,Archer BE450 10G WiFi 7 Router,Archer AX55 Pro,,Archer BE450 10G WiFi 7 Router,,,,199,text_layer,,
6436a8afd050b2ea905605d3b14d462b31405a00bd67c7d18602477c85771378,laser,2025-11,3,DESKTOP AX3000 AP,EAP 650,,DESKTOP AX3000 AP,,,,168,text_layer,,
6436a8afd050b2ea905605d3b14d462b31405a00bd67c7d18602477c85771378,laser,2025-11,3,IN WALL AX3000 WiFi 6 AP,EAP 650,,IN WALL AX3000 WiFi 6 AP,,,,112,text_layer,,
6436a8afd050b2ea905605d3b14d462b31405a00bd67c7d18602477c85771378,laser,2025-11,3,Archer BE230 Router BE3600 Wifi7 Rtr,(Special Price),,Archer BE230 Router BE3600 Wifi7 Rtr,,,,132,text_layer,,
6436a8afd050b2ea905605d3b14d462b31405a00bd67c7d18602477c85771378,laser,2025-11,3,Outdoor HD Access point,EAP 625,,Outdoor HD Access point,,,,245,text_layer,,
6436a8afd050b2ea905605d3b14d462b31405a00bd67c7d18602477c85771378,laser,2025-11,3,AX1800 WiFi 6 AP,EAP620hd,,AX1800 WiFi 6 AP,,,,205,text_layer,,
6436a8afd050b2ea905605d3b14d462b31405a00bd67c7d18602477c85771378,laser,2025-11,3,Archer BE550 BE9300 Triband WF7,(Special Price),,Archer BE550 BE9300 Triband WF7,,,,279,text_layer,,
6436a8afd050b2ea905605d3b14d462b31405a00bd67c7d18602477c85771378,laser,2025-11,3,AX1800 WiFi 6 AP,EAP610,,AX1800 WiFi 6 AP,,,,110,text_layer,,
6436a8afd050b2ea905605d3b14d462b31405a00bd67c7d18602477c85771378,laser,2025-11,3,Intel MT7921 WiFi 6 + M.2 KIT,RT-AX5400,,Intel MT7921 WiFi 6 + M.2 KIT,,,,27,text_layer,,
6436a8afd050b2ea905605d3b14d462b31405a00bd67c7d18602477c85771378,laser,2025-11,3,BE9300 Triband WiFi 7,EMAIL : LDPLSL@SINGNET.COM.SG,,BE9300 Triband WiFi 7,,,,295,text_layer,,
6436a8afd050b2ea905605d3b14d462b31405a00bd67c7d18602477c85771378,laser,2025-11,3,AX1800 WiFi 6,EAP615 Wall,,AX1800 WiFi 6,,,,105,text_layer,,
6436a8afd050b2ea905605d3b14d462b31405a00bd67c7d18602477c85771378,laser,2025-11,3,TWS202,Router,,TWS202,,,,215,text_layer,,
6436a8afd050b2ea905605d3b14d462b31405a00bd67c7d18602477c85771378,laser,2025-11,3,ASUS PCE-AX3000 Pcie with Bluetooth,RT-AX5400,,ASUS PCE-AX3000 Pcie with Bluetooth,,,,39,text_layer,,
6436a8afd050b2ea905605d3b14d462b31405a00bd67c7d18602477c85771378,laser,2025-11,3,Triband Wifi 7,EMAIL : LDPLSL@SINGNET.COM.SG,,Triband Wifi 7,,,,338,text_layer,,
6436a8afd050b2ea905605d3b14d462b31405a00bd67c7d18602477c85771378,laser,2025-11,3,BE3600 WiFi 7 AP,EAP725 Wall,,BE3600 WiFi 7 AP,,,,229,text_layer,,
6436a8afd050b2ea905605d3b14d462b31405a00bd67c7d18602477c85771378,laser,2025-11,3,Tri-Band Wifi 7 router,EMAIL : LDPLSL@SINGNET.COM.SG,,Tri-Band Wifi 7 router,,,,609,text_layer,,
6436a8afd050b2ea905605d3b14d462b31405a00bd67c7d18602477c85771378,laser,2025-11,3,BE19000 Tri-Band Wi-Fi 7,EMAIL : LDPLSL@SINGNET.COM.SG,,BE19000 Tri-Band Wi-Fi 7,,,,589,text_layer,,
6436a8afd050b2ea905605d3b14d462b31405a00bd67c7d18602477c85771378,laser,2025-11,3,Wifi 7 router,TriBand,,Wifi 7 router,,,,738,text_layer,,
6436a8afd050b2ea905605d3b14d462b31405a00bd67c7d18602477c85771378,laser,2025-11,3,PR317UKA,managed POE + Switch,,PR317UKA,,,,38,text_layer,,
6436a8afd050b2ea905605d3b14d462b31405a00bd67c7d18602477c85771378,laser,2025-11,3,5 port gigabit switch,UK 2 Pin Power Supply,,5 port gigabit switch,,,,32,text_layer,,
6436a8afd050b2ea905605d3b14d462b31405a00bd67c7d18602477c85771378,laser,2025-11,3,8 port gigabit,UK 2 Pin Power Supply,,8 port gigabit,,,,39,text_layer,,
6436a8afd050b2ea905605d3b14d462b31405a00bd67c7d18602477c85771378,laser,2025-11,3,Gigabit Multi-Wan VPN Router,EAP725 Wall,,Gigabit Multi-Wan VPN Router,,,,95,text_layer,,
6436a8afd050b2ea905605d3b14d462b31405a00bd67c7d18602477c85771378,laser,2025-11,3,"8 port gigabit, 4 POE",UK 2 Pin Power Supply,,"8 port gigabit, 4 POE",,,,139,text_layer,,
6436a8afd050b2ea905605d3b14d462b31405a00bd67c7d18602477c85771378,laser,2025-11,3,Gigabit Multi-Wan VPN Router,EAP725 Wall,,Gigabit Multi-Wan VPN Router,,,,208,text_layer,,
6436a8afd050b2ea905605d3b14d462b31405a00bd67c7d18602477c85771378,laser,2025-11,3,16 port gigabit,UK 2 Pin Power Supply,,16 port gigabit,,,,409,text_layer,,
6436a8afd050b2ea905605d3b14d462b31405a00bd67c7d18602477c85771378,laser,2025-11,3,AX1800 WF6 USB,enclo sures,,AX1800 WF6 USB,,,,35,text_layer,,
6436a8afd050b2ea905605d3b14d462b31405a00bd67c7d18602477c85771378,laser,2025-11,3,Gigabit Multi-Wan VPN Router,ER706W,,Gigabit Multi-Wan VPN Router,,,,245,text_layer,,
6436a8afd050b2ea905605d3b14d462b31405a00bd67c7d18602477c85771378,laser,2025-11,3,24 port gigabit,UK 2 Pin Power Supply,,24 port gigabit,,,,259,text_layer,,
6436a8afd050b2ea905605d3b14d462b31405a00bd67c7d18602477c85771378,laser,2025-11,3,AX1800 WF6 2ANTENA USB,enclo sures,,AX1800 WF6 2ANTENA USB,,,,39,text_layer,,
6436a8afd050b2ea905605d3b14d462b31405a00bd67c7d18602477c85771378,laser,2025-11,3,AX1800 USB,enclo sures,,AX1800 USB,,,,62,text_layer,,
6436a8afd050b2ea905605d3b14d462b31405a00bd67c7d18602477c85771378,laser,2025-11,3,ER707-M2 Gigabit Multi-Wan VPN Router,ER706W,,ER707-M2 Gigabit Multi-Wan VPN Router,,,,237,text_layer,,
6436a8afd050b2ea905605d3b14d462b31405a00bd67c7d18602477c85771378,laser,2025-11,3,AX3000 USB Hi Gain,enclo sures,,AX3000 USB Hi Gain,,,,42,text_layer,,
6436a8afd050b2ea905605d3b14d462b31405a00bd67c7d18602477c85771378,laser,2025-11,3,VpnRouter+10 Port Switch+POE,ER7212PC,,VpnRouter+10 Port Switch+POE,,,,308,text_layer,,
6436a8afd050b2ea905605d3b14d462b31405a00bd67c7d18602477c85771378,laser,2025-11,3,16 Port x POE+ @76,8 Port X POE+ @60W 185,,16 Port x POE+ @76,,,,285,text_layer,,
6436a8afd050b2ea905605d3b14d462b31405a00bd67c7d18602477c85771378,laser,2025-11,3,Gigabit Multi-Wan VPN Router,ER7217PC,,Gigabit Multi-Wan VPN Router,,,,339,text_layer,,
6436a8afd050b2ea905605d3b14d462b31405a00bd67c7d18602477c85771378,laser,2025-11,3,16 Port x POE+ @18,8 Port X POE+ @60W 185,,16 Port x POE+ @18,,,,319,text_layer,,
6436a8afd050b2ea905605d3b14d462b31405a00bd67c7d18602477c85771378,laser,2025-11,3,Archer T4U Plus,Archer TX50UH,,Archer T4U Plus,,,,32,text_layer,,
6436a8afd050b2ea905605d3b14d462b31405a00bd67c7d18602477c85771378,laser,2025-11,3,10 Gigabit PCIe Network Card,ER7217PC,,10 Gigabit PCIe Network Card,,,,79,text_layer,,
6436a8afd050b2ea905605d3b14d462b31405a00bd67c7d18602477c85771378,laser,2025-11,3,16 port POE+ 180W,8 Port X POE+ @60W 185,,16 port POE+ 180W,,,,389,text_layer,,
6436a8afd050b2ea905605d3b14d462b31405a00bd67c7d18602477c85771378,laser,2025-11,3,PCI-E 2.5G NETWORK CARD,ER7217PC,,PCI-E 2.5G NETWORK CARD,,,,45,text_layer,,
6436a8afd050b2ea905605d3b14d462b31405a00bd67c7d18602477c85771378,laser,2025-11,3,5 port Gigabit,TriBand,,5 port Gigabit,,,,26,text_layer,,
6436a8afd050b2ea905605d3b14d462b31405a00bd67c7d18602477c85771378,laser,2025-11,3,8 port Gigabit,TriBand,,8 port Gigabit,,,,33,text_layer,,
6436a8afd050b2ea905605d3b14d462b31405a00bd67c7d18602477c85771378,laser,2025-11,3,AX1500 WiFi Range Extender,RE505X,,AX1500 WiFi Range Extender,,,,59,text_layer,,
6436a8afd050b2ea905605d3b14d462b31405a00bd67c7d18602477c85771378,laser,2025-11,3,26port Gigabit Smart,8 port smart managed 118,,26port Gigabit Smart,,,,399,text_layer,,
6436a8afd050b2ea905605d3b14d462b31405a00bd67c7d18602477c85771378,laser,2025-11,3,BE6500 WiFi 7 PCIe,enclo sures,,BE6500 WiFi 7 PCIe,,,,70,text_layer,,
6436a8afd050b2ea905605d3b14d462b31405a00bd67c7d18602477c85771378,laser,2025-11,3,5 Port Gigabit Switch,TriBand,,5 Port Gigabit Switch,,,,27,text_layer,,
6436a8afd050b2ea905605d3b14d462b31405a00bd67c7d18602477c85771378,laser,2025-11,3,AX1800 WiFi Range Extender,RE605X,,AX1800 WiFi Range Extender,,,,78,text_layer,,
6436a8afd050b2ea905605d3b14d462b31405a00bd67c7d18602477c85771378,laser,2025-11,3,BE9300 WiFi 7 PCIe,enclo sures,,BE9300 WiFi 7 PCIe,,,,89,text_layer,,
6436a8afd050b2ea905605d3b14d462b31405a00bd67c7d18602477c85771378,laser,2025-11,3,8 Port Gigabit Switch,TriBand,,8 Port Gigabit Switch,,,,32,text_layer,,
6436a8afd050b2ea905605d3b14d462b31405a00bd67c7d18602477c85771378,laser,2025-11,3,AX 3000 WiFi Range Extender,RE705X,,AX 3000 WiFi Range Extender,,,,99,text_layer,,
6436a8afd050b2ea905605d3b14d462b31405a00bd67c7d18602477c85771378,laser,2025-11,3,16 Port Gigabit Switch,TriBand,,16 Port Gigabit Switch,,,,76,text_layer,,
6436a8afd050b2ea905605d3b14d462b31405a00bd67c7d18602477c85771378,laser,2025-11,3,GS 5424G 24 Port Web Smart with 4 SFP,GS324TP,,GS 5424G 24 Port Web Smart with 4 SFP,,,,429,text_layer,,
6436a8afd050b2ea905605d3b14d462b31405a00bd67c7d18602477c85771378,laser,2025-11,3,10 Gigabit PCIe Network Card,enclo sures,,10 Gigabit PCIe Network Card,,,,73,text_layer,,
6436a8afd050b2ea905605d3b14d462b31405a00bd67c7d18602477c85771378,laser,2025-11,3,24 Port Gigabit Switch,TriBand,,24 Port Gigabit Switch,,,,148,text_layer,,
6436a8afd050b2ea905605d3b14d462b31405a00bd67c7d18602477c85771378,laser,2025-11,3,PCI-E 2.5G Network card,enclo sures,,PCI-E 2.5G Network card,,,,43,text_layer,,
6436a8afd050b2ea905605d3b14d462b31405a00bd67c7d18602477c85771378,laser,2025-11,3,MR100 4G router 300mbps 2 lan port,RE655BE,,MR100 4G router 300mbps 2 lan port,,,,62,text_layer,,
6436a8afd050b2ea905605d3b14d462b31405a00bd67c7d18602477c85771378,laser,2025-11,3,TG 3468 PCIe Gigabit network card,Archer TBE550E,,TG 3468 PCIe Gigabit network card,,,,18,text_layer,,
6436a8afd050b2ea905605d3b14d462b31405a00bd67c7d18602477c85771378,laser,2025-11,3,5 Port Gbe 4xPOE+,TriBand,,5 Port Gbe 4xPOE+,,,,75,text_layer,,
6436a8afd050b2ea905605d3b14d462b31405a00bd67c7d18602477c85771378,laser,2025-11,3,10 port Gbe 8 x POE+,TriBand,,10 port Gbe 8 x POE+,,,,145,text_layer,,
6436a8afd050b2ea905605d3b14d462b31405a00bd67c7d18602477c85771378,laser,2025-11,3,Tapo P110,Archer TBE550E,,Tapo P110,,,,15,text_layer,,
6436a8afd050b2ea905605d3b14d462b31405a00bd67c7d18602477c85771378,laser,2025-11,3,20 port Gbe 16 x POE+,TriBand,,20 port Gbe 16 x POE+,,,,288,text_layer,,
6436a8afd050b2ea905605d3b14d462b31405a00bd67c7d18602477c85771378,laser,2025-11,3,MR402 LTE 4G Router Dual Band,RE655BE,,MR402 LTE 4G Router Dual Band,,,,79,text_layer,,
6436a8afd050b2ea905605d3b14d462b31405a00bd67c7d18602477c85771378,laser,2025-11,3,Tapo P110(2-pack),Archer TBE550E,,Tapo P110(2-pack),,,,29,text_layer,,
6436a8afd050b2ea905605d3b14d462b31405a00bd67c7d18602477c85771378,laser,2025-11,3,28 port Gbe 24 x POE+,TriBand,,28 port Gbe 24 x POE+,,,,379,text_layer,,
6436a8afd050b2ea905605d3b14d462b31405a00bd67c7d18602477c85771378,laser,2025-11,3,MR505 Router 4G LTE CAT 6 Router,RE655BE,,MR505 Router 4G LTE CAT 6 Router,,,,88,text_layer,,
6436a8afd050b2ea905605d3b14d462b31405a00bd67c7d18602477c85771378,laser,2025-11,3,Tapo P110(4-pack),Archer TBE550E,,Tapo P110(4-pack),,,,53,text_layer,,
6436a8afd050b2ea905605d3b14d462b31405a00bd67c7d18602477c85771378,laser,2025-11,3,5 port with 4 port POE+,TriBand,,5 port with 4 port POE+,,,,59,text_layer,,
6436a8afd050b2ea905605d3b14d462b31405a00bd67c7d18602477c85771378,laser,2025-11,3,DECO X20-4G LTE 4G ((1 PC PACK),RE655BE,,DECO X20-4G LTE 4G ((1 PC PACK),,,,125,text_layer,,
6436a8afd050b2ea905605d3b14d462b31405a00bd67c7d18602477c85771378,laser,2025-11,3,Tapo P100,Archer TBE550E,,Tapo P100,,,,11,text_layer,,
6436a8afd050b2ea905605d3b14d462b31405a00bd67c7d18602477c85771378,laser,2025-11,3,5 port with 4 port POE+,TriBand,,5 port with 4 port POE+,,,,53,text_layer,,
6436a8afd050b2ea905605d3b14d462b31405a00bd67c7d18602477c85771378,laser,2025-11,3,DECO X50-4G LTE 4G AX3000,RE655BE,,DECO X50-4G LTE 4G AX3000,,,,149,text_layer,,
6436a8afd050b2ea905605d3b14d462b31405a00bd67c7d18602477c85771378,laser,2025-11,3,3 Pack AX3000 WiFi Mesh,MR 80X,,3 Pack AX3000 WiFi Mesh,,,,119,text_layer,,
6436a8afd050b2ea905605d3b14d462b31405a00bd67c7d18602477c85771378,laser,2025-11,3,Tapo P100(2-pack),Archer TBE550E,,Tapo P100(2-pack),,,,22,text_layer,,
6436a8afd050b2ea905605d3b14d462b31405a00bd67c7d18602477c85771378,laser,2025-11,3,5 port WITH 4 port POE+,TriBand,,5 port WITH 4 port POE+,,,,70,text_layer,,
6436a8afd050b2ea905605d3b14d462b31405a00bd67c7d18602477c85771378,laser,2025-11,3,DECO X50-5G LTE 5G AX3000,RE655BE,,DECO X50-5G LTE 5G AX3000,,,,270,text_layer,,
6436a8afd050b2ea905605d3b14d462b31405a00bd67c7d18602477c85771378,laser,2025-11,3,2 Pack AX3000 WiFi Mesh,MR 80X,,2 Pack AX3000 WiFi Mesh,,,,79,text_layer,,
6436a8afd050b2ea905605d3b14d462b31405a00bd67c7d18602477c85771378,laser,2025-11,3,Tapo P100(4-pack),Archer TBE550E,,Tapo P100(4-pack),,,,42,text_layer,,
6436a8afd050b2ea905605d3b14d462b31405a00bd67c7d18602477c85771378,laser,2025-11,3,8 port with 4port POE,TriBand,,8 port with 4port POE,,,,77,text_layer,,
6436a8afd050b2ea905605d3b14d462b31405a00bd67c7d18602477c85771378,laser,2025-11,3,DECO X80-5G LTE 5g AX6000,RE655BE,,DECO X80-5G LTE 5g AX6000,,,,689,text_layer,,
6436a8afd050b2ea905605d3b14d462b31405a00bd67c7d18602477c85771378,laser,2025-11,3,8 port with 4port POE,TriBand,,8 port with 4port POE,,,,78,text_layer,,
6436a8afd050b2ea905605d3b14d462b31405a00bd67c7d18602477c85771378,laser,2025-11,3,NX510V 5G LTE Mesh Router,RE655BE,,NX510V 5G LTE Mesh Router,,,,315,text_layer,,
6436a8afd050b2ea905605d3b14d462b31405a00bd67c7d18602477c85771378,laser,2025-11,3,10 port with 8port POE+,TriBand,,10 port with 8port POE+,,,,143,text_layer,,
6436a8afd050b2ea905605d3b14d462b31405a00bd67c7d18602477c85771378,laser,2025-11,3,Archer NX200 AX3000 5G Router,RE655BE,,Archer NX200 AX3000 5G Router,,,,219,text_layer,,
6436a8afd050b2ea905605d3b14d462b31405a00bd67c7d18602477c85771378,laser,2025-11,3,MC220L,Archer TBE550E,,MC220L,,,,73,text_layer,,
6436a8afd050b2ea905605d3b14d462b31405a00bd67c7d18602477c85771378,laser,2025-11,3,8 port with 8p POE+,TriBand,,8 port with 8p POE+,,,,145,text_layer,,
6436a8afd050b2ea905605d3b14d462b31405a00bd67c7d18602477c85771378,laser,2025-11,3,MC210CS,Archer TBE550E,,MC210CS,,,,75,text_layer,,
6436a8afd050b2ea905605d3b14d462b31405a00bd67c7d18602477c85771378,laser,2025-11,3,16 port with 8p POE+,TriBand,,16 port with 8p POE+,,,,229,text_layer,,
6436a8afd050b2ea905605d3b14d462b31405a00bd67c7d18602477c85771378,laser,2025-11,3,MCM200CM,Archer TBE550E,,MCM200CM,,,,75,text_layer,,
6436a8afd050b2ea905605d3b14d462b31405a00bd67c7d18602477c85771378,laser,2025-11,3,Injector 48V.......POE,TriBand,,Injector 48V.......POE,,,,22,text_layer,,
6436a8afd050b2ea905605d3b14d462b31405a00bd67c7d18602477c85771378,laser,2025-11,3,MC112CS,Archer TBE550E,,MC112CS,,,,42,text_layer,,
6436a8afd050b2ea905605d3b14d462b31405a00bd67c7d18602477c85771378,laser,2025-11,3,POE+ Injector,TriBand,,POE+ Injector,,,,33,text_layer,,
6436a8afd050b2ea905605d3b14d462b31405a00bd67c7d18602477c85771378,laser,2025-11,3,M7650 600Mbps LTE Advance mobil wfi,TP LINK 4G MOBILE ROUTERS,,M7650 600Mbps LTE Advance mobil wfi,,,,135,text_layer,,
6436a8afd050b2ea905605d3b14d462b31405a00bd67c7d18602477c85771378,laser,2025-11,3,MC111CS,Archer TBE550E,,MC111CS,,,,42,text_layer,,
6436a8afd050b2ea905605d3b14d462b31405a00bd67c7d18602477c85771378,laser,2025-11,3,POE+ Injector,TriBand,,POE+ Injector,,,,36,text_layer,,
6436a8afd050b2ea905605d3b14d462b31405a00bd67c7d18602477c85771378,laser,2025-11,3,M7450 300Mbps LTE Advanve mobil wfi,TP LINK 4G MOBILE ROUTERS,,M7450 300Mbps LTE Advanve mobil wfi,,,,118,text_layer,,
6436a8afd050b2ea905605d3b14d462b31405a00bd67c7d18602477c85771378,laser,2025-11,3,TL FC311B-20,Archer TBE550E,,TL FC311B-20,,,,58,text_layer,,
6436a8afd050b2ea905605d3b14d462b31405a00bd67c7d18602477c85771378,laser,2025-11,3,POE+ Injector,TriBand,,POE+ Injector,,,,145,text_layer,,
6436a8afd050b2ea905605d3b14d462b31405a00bd67c7d18602477c85771378,laser,2025-11,3,M7350 Mobile Wifi AC600 Dualbd rechrg,TP LINK 4G MOBILE ROUTERS,,M7350 Mobile Wifi AC600 Dualbd rechrg,,,,70,text_layer,,
6436a8afd050b2ea905605d3b14d462b31405a00bd67c7d18602477c85771378,laser,2025-11,3,16 Port POE+,TriBand,,16 Port POE+,,,,185,text_layer,,
6436a8afd050b2ea905605d3b14d462b31405a00bd67c7d18602477c85771378,laser,2025-11,3,M7200 Moble Wifi rechargeable battery,TP LINK 4G MOBILE ROUTERS,,M7200 Moble Wifi rechargeable battery,,,,62,text_layer,,
6436a8afd050b2ea905605d3b14d462b31405a00bd67c7d18602477c85771378,laser,2025-11,3,AX 3000 WiFi 6 Gigabit Route,MR 80X,,AX 3000 WiFi 6 Gigabit Route,,,,49,text_layer,,
6436a8afd050b2ea905605d3b14d462b31405a00bd67c7d18602477c85771378,laser,2025-11,3,AX1800 WiFi 6 Router,MR 80X,,AX1800 WiFi 6 Router,,,,35,text_layer,,
6436a8afd050b2ea905605d3b14d462b31405a00bd67c7d18602477c85771378,laser,2025-11,3,Av 1000 PowerLine,PA 7017 Kit,,Av 1000 PowerLine,,,,61,text_layer,,
6436a8afd050b2ea905605d3b14d462b31405a00bd67c7d18602477c85771378,laser,2025-11,3,AC 1900 Dual Band Wifi Router,MR 80X,,AC 1900 Dual Band Wifi Router,,,,38,text_layer,,
6436a8afd050b2ea905605d3b14d462b31405a00bd67c7d18602477c85771378,laser,2025-11,3,TAPO D21 Video Doorbell Cam,TP LINK ACCESSORIES,,TAPO D21 Video Doorbell Cam,,,,68,text_layer,,
6436a8afd050b2ea905605d3b14d462b31405a00bd67c7d18602477c85771378,laser,2025-11,3,Av 1000 PowerLine,PA 7017P Kit,,Av 1000 PowerLine,,,,65,text_layer,,
6436a8afd050b2ea905605d3b14d462b31405a00bd67c7d18602477c85771378,laser,2025-11,3,10Port 8Port PoE +,24 port managed Switch 268,,10Port 8Port PoE +,,,,215,text_layer,,
6436a8afd050b2ea905605d3b14d462b31405a00bd67c7d18602477c85771378,laser,2025-11,3,Range Extender AC1200,Range Extender AX1500 WiFi 6 37,,Range Extender AC1200,,,,25,text_layer,,
6436a8afd050b2ea905605d3b14d462b31405a00bd67c7d18602477c85771378,laser,2025-11,3,Av600 WiFi Power Line,WPA 4220KIT,,Av600 WiFi Power Line,,,,68,text_layer,,
6436a8afd050b2ea905605d3b14d462b31405a00bd67c7d18602477c85771378,laser,2025-11,3,8-Port 10G Multi-Gigabit,24 port managed Switch 268,,8-Port 10G Multi-Gigabit,,,,337,text_layer,,
6436a8afd050b2ea905605d3b14d462b31405a00bd67c7d18602477c85771378,laser,2025-11,3,Av 1000 Gb AC Wifi,WPA7517 Kit,,Av 1000 Gb AC Wifi,,,,85,text_layer,,
6436a8afd050b2ea905605d3b14d462b31405a00bd67c7d18602477c85771378,laser,2025-11,3,N150 Nano WF USB Adaoter,Range Extender AX1500 WiFi 6 37,,N150 Nano WF USB Adaoter,,,,9.9,text_layer,,
6436a8afd050b2ea905605d3b14d462b31405a00bd67c7d18602477c85771378,laser,2025-11,3,5-Port 10G Multi-Gigabit,24 port managed Switch 268,,5-Port 10G Multi-Gigabit,,,,259,text_layer,,
6436a8afd050b2ea905605d3b14d462b31405a00bd67c7d18602477c85771378,laser,2025-11,3,Av1300 GB Passthr WiFi,WPA8631P KIT,,Av1300 GB Passthr WiFi,,,,128,text_layer,,
6436a8afd050b2ea905605d3b14d462b31405a00bd67c7d18602477c85771378,laser,2025-11,3,N300 Mini WF USB Adapter,WiFi 6 Router,,N300 Mini WF USB Adapter,,,,12.9,text_layer,,
6436a8afd050b2ea905605d3b14d462b31405a00bd67c7d18602477c85771378,laser,2025-11,3,Type C to HDMI Adapter,UA520C,,Type C to HDMI Adapter,,,,17,text_layer,,
6436a8afd050b2ea905605d3b14d462b31405a00bd67c7d18602477c85771378,laser,2025-11,3,Av1300 GB Passthr WiFi,WPA8631P KIT,,Av1300 GB Passthr WiFi,,,,87,text_layer,,
6436a8afd050b2ea905605d3b14d462b31405a00bd67c7d18602477c85771378,laser,2025-11,3,Bluetooth 5.0 Adapter,UA520C,,Bluetooth 5.0 Adapter,,,,12,text_layer,,
6436a8afd050b2ea905605d3b14d462b31405a00bd67c7d18602477c85771378,laser,2025-11,3,8 Port Gb Desktop Switch,AC650 Hi Gain WiFi,,8 Port Gb Desktop Switch,,,,20,text_layer,,
6436a8afd050b2ea905605d3b14d462b31405a00bd67c7d18602477c85771378,laser,2025-11,3,Type C USB 3.0 to Lan,US300C,,Type C USB 3.0 to Lan,,,,15,text_layer,,
6436a8afd050b2ea905605d3b14d462b31405a00bd67c7d18602477c85771378,laser,2025-11,3,5 Port 2.5G Multi Gigabi,8 Port 2.5G Multi Gigabit 135,,5 Port 2.5G Multi Gigabi,,,,83,text_layer,,
6436a8afd050b2ea905605d3b14d462b31405a00bd67c7d18602477c85771378,laser,2025-11,3,5 Port GB Desktop Switch,AC650 Hi Gain WiFi,,5 Port GB Desktop Switch,,,,17,text_layer,,
6436a8afd050b2ea905605d3b14d462b31405a00bd67c7d18602477c85771378,laser,2025-11,3,Mobile Wifi Router,AC650 Hi Gain WiFi,,Mobile Wifi Router,,,,36,text_layer,,
6436a8afd050b2ea905605d3b14d462b31405a00bd67c7d18602477c85771378,laser,2025-11,3,"Type C to HDMI,RJ45,usbA etc",UH9120C,,"Type C to HDMI,RJ45,usbA etc",,,,45,text_layer,,
6436a8afd050b2ea905605d3b14d462b31405a00bd67c7d18602477c85771378,laser,2025-11,3,4G Router,AC650 Hi Gain WiFi,,4G Router,,,,39,text_layer,,
6436a8afd050b2ea905605d3b14d462b31405a00bd67c7d18602477c85771378,laser,2025-11,3,Type C to 7 port HUB,UH7020C,,Type C to 7 port HUB,,,,38,text_layer,,
6436a8afd050b2ea905605d3b14d462b31405a00bd67c7d18602477c85771378,laser,2025-11,3,Type C to 6 port HUB,UH6120C,,Type C to 6 port HUB,,,,33,text_layer,,
